like,title,category_id,duration,view_count,like_count,comment_count,topic_categories,upload_date
0,Jurassic World Theory: The Indominus Rex Didn't Kill Echo,1,PT2M24S,153195,1532,256,"['https://en.wikipedia.org/wiki/Entertainment', 'https://en.wikipedia.org/wiki/Film']",2020-10-27T22:02:57Z
1,This why Chelsea won Champions League,22,PT10S,50135587,1502270,6715,"['https://en.wikipedia.org/wiki/Association_football', 'https://en.wikipedia.org/wiki/Sport']",2021-09-08T16:31:35Z
1,LangChain Explained In 15 Minutes - A MUST Learn For Python Programmers,27,PT15M39S,141319,4283,92,['https://en.wikipedia.org/wiki/Technology'],2023-12-13T14:00:35Z
1,íŠ¸ë ˆì´ë”©ì— Time Series Representation í™œìš©í•´ë³´ê¸°,28,PT12M22S,5380,242,7,['https://en.wikipedia.org/wiki/Knowledge'],2024-08-23T07:29:45Z
0,'ì£¼ê¸‰ 9ì–µ ì›' ë°›ë˜ ë² ì¼ê³¼ ì†í¥ë¯¼ì˜ ì¡°í•©ì´ ê¸°ëŒ€ë˜ëŠ” ì´ìœ ,17,PT13M32S,1121298,12574,1156,"['https://en.wikipedia.org/wiki/Association_football', 'https://en.wikipedia.org/wiki/Sport']",2020-10-04T07:45:12Z
0,ğŸ˜Magnet Collectorâœˆï¸ğŸ–¤ #ë¯¸êµ­ìŠ¹ë¬´ì› #ìŠ¹ë¬´ì› #ì™¸í•­ì‚¬ìŠ¹ë¬´ì›,26,PT24S,1272,22,2,[],2024-10-01T20:34:09Z
1,How I Find Altcoins BEFORE They Explode,27,PT8M18S,284362,12568,718,[],2024-03-04T17:16:53Z
1,"êµ¬ê¸€, í˜ì´ìŠ¤ë¶ ì¶œì‹  ê°œë°œìê°€ ì½”ë”© ë°˜ëŒ€í•˜ëŠ” ì´ìœ ",27,PT7M25S,248539,3081,646,[],2024-02-12T13:00:11Z
0,í•œê°•ì—ì„œ ë°ì´íŠ¸ í•  ë•Œ ì ˆëŒ€ í¬ê¸°í•  ìˆ˜ ì—†ëŠ” ê²ƒ,24,PT1M,3454004,77041,214,"['https://en.wikipedia.org/wiki/Entertainment', 'https://en.wikipedia.org/wiki/Film']",2024-09-28T09:00:16Z
1,12-Week Leetcode Prep Guide,22,PT11M10S,25753,1792,81,['https://en.wikipedia.org/wiki/Knowledge'],2024-02-27T01:11:48Z
0,Causality: Dagitty,27,PT5M46S,10748,108,7,['https://en.wikipedia.org/wiki/Knowledge'],2019-05-11T06:22:18Z
1,ì° ì¼ë³¸ ë•í›„ê°€ ë§ì•„ì£¼ëŠ” ì˜¤ì‚¬ì¹´ ì—¬í–‰ ê°€ì´ë“œ,19,PT18M40S,382867,7892,175,"['https://en.wikipedia.org/wiki/Food', 'https://en.wikipedia.org/wiki/Lifestyle_(sociology)', 'https://en.wikipedia.org/wiki/Tourism']",2024-04-20T12:04:09Z
1,[ì´í˜¸ ëª©ì‚¬ ì´ˆì²­ íŠ¹ë³„ì„¸ë¯¸ë‚˜] ì²­ë…„ì´ì—¬ ì‹œëŒ€ë¥¼ ë¶„ë³„í•˜ë¼ 03,29,PT1H31M47S,49089,2081,0,"['https://en.wikipedia.org/wiki/Religion', 'https://en.wikipedia.org/wiki/Society']",2018-07-05T10:59:25Z
0,á„ƒá…¡á†¼á„‰á…µá†«á„‹á…³á†« á„‹á…§á†¼á„€á…ªá†¼á„‹á…´ á„‹á…ªá†¼ | YKDC | OPEN WORSHIP,10,PT5M36S,1711086,6413,195,"['https://en.wikipedia.org/wiki/Christian_music', 'https://en.wikipedia.org/wiki/Music']",2022-07-06T13:10:11Z
1,Socket.io + ReactJS Tutorial | Learn Socket.io For Beginners,28,PT32M35S,283401,7751,250,"['https://en.wikipedia.org/wiki/Knowledge', 'https://en.wikipedia.org/wiki/Technology']",2022-03-22T13:00:30Z
1,ì¶•êµ¬í™” í’‹ì‚´í™” ëˆ ë§¤ëŠ”ë²• 3ê°€ì§€ ê¿€íŒ! ì‰½ê²Œ ë”°ë¼í•˜ê¸°,17,PT5M27S,125857,0,52,"['https://en.wikipedia.org/wiki/Association_football', 'https://en.wikipedia.org/wiki/Lifestyle_(sociology)']",2023-03-30T09:00:17Z
0,The Korean NAVY SEAL fitness test,23,PT32M44S,2724923,85896,3450,"['https://en.wikipedia.org/wiki/Lifestyle_(sociology)', 'https://en.wikipedia.org/wiki/Military', 'https://en.wikipedia.org/wiki/Physical_fitness']",2024-06-12T12:58:40Z
1,2ê°œì›” ì°¨ ì²­ë…„ì¸í„´ê³¼ 20ë…„ ì°¨ ê³¼ì¥ë‹˜ì˜ ë°¸ëŸ°ìŠ¤ê²Œì„ [ì¸í„´ì´ ì¸í„°ë·°í–ˆë„¤ğŸ¤],25,PT8M29S,45067,75,36,['https://en.wikipedia.org/wiki/Society'],2024-06-24T05:32:48Z
1,"Less Conversation, More Action | Palantir Customer Service Engine (CSE)",28,PT2M9S,8161,374,0,"['https://en.wikipedia.org/wiki/Business', 'https://en.wikipedia.org/wiki/Knowledge', 'https://en.wikipedia.org/wiki/Technology']",2024-09-27T15:59:30Z
0,2400ì‹œê°„ ë™ì•ˆ ì´¬ì˜í–ˆìŠµë‹ˆë‹¤,24,PT48M28S,5618737,33288,3717,['https://en.wikipedia.org/wiki/Lifestyle_(sociology)'],2020-12-19T12:20:46Z
0,EP.01 ì—ì–´ì»¨,22,PT24M4S,7981504,135528,13735,[],2023-08-31T09:23:13Z
0,QWER ê³ ë¯¼ì¤‘ë… ì‘ê³¡ê°€ ì»¤ë²„ #ê° ì ìœ¼ë¡œë”ì¢‹ì€ë°? #ì œë°œí’€ë²„ì „,22,PT57S,373525,4581,338,"['https://en.wikipedia.org/wiki/Music', 'https://en.wikipedia.org/wiki/Music_of_Asia', 'https://en.wikipedia.org/wiki/Pop_music']",2024-07-16T13:56:32Z
1,What Is A Trie and How Do We Build One In Python?,28,PT18M24S,16238,387,24,['https://en.wikipedia.org/wiki/Knowledge'],2019-09-22T03:55:17Z
1,ë°ì´í„° ì‚¬ì´ì–¸í‹°ìŠ¤íŠ¸ëŠ” ëŒ€í•™ì› í•„ìˆ˜ì¸ê°€ìš”?,27,PT8M10S,2987,56,7,['https://en.wikipedia.org/wiki/Knowledge'],2024-04-29T04:56:15Z
1,ë‚¨ì ë´„ íŒ¨ì…˜ í•„ìˆ˜í…œ! ëª¨ë¥´ë©´ ì´ê±° ë³´ì„¸ìš” (ëˆ ì•„ë¼ëŠ” êµ¬ë§¤ ìˆœì„œê¹Œì§€),22,PT5M45S,158104,3122,150,"['https://en.wikipedia.org/wiki/Fashion', 'https://en.wikipedia.org/wiki/Lifestyle_(sociology)']",2024-02-17T03:30:11Z
1,Analyzing Nonfiction: Who's Making All Those Scam Calls by Yudhijit Bhattacharjee,22,PT4M50S,64,2,0,['https://en.wikipedia.org/wiki/Knowledge'],2021-02-09T05:04:15Z
1,"How large language models work, a visual intro to transformers | Chapter 5, Deep Learning",27,PT27M14S,3251319,116872,2550,['https://en.wikipedia.org/wiki/Knowledge'],2024-04-01T19:13:57Z
0,Kiernan Dewsbury-Hall VS The Big 6,22,PT6M48S,118361,995,170,"['https://en.wikipedia.org/wiki/Association_football', 'https://en.wikipedia.org/wiki/Sport']",2024-06-27T20:02:34Z
0,Tottenham beat Manchester City to top table | Premier League Update | NBC Sports,17,PT23M14S,59602,499,58,"['https://en.wikipedia.org/wiki/Association_football', 'https://en.wikipedia.org/wiki/Sport', 'https://en.wikipedia.org/wiki/Television_program']",2020-11-22T00:18:35Z
0,ìŠ¤íŠ¸ë ˆì¹­ì˜ ìœ„í—˜ì„± ğŸ˜±,17,PT8S,15780158,259185,3502,"['https://en.wikipedia.org/wiki/Health', 'https://en.wikipedia.org/wiki/Hobby', 'https://en.wikipedia.org/wiki/Lifestyle_(sociology)', 'https://en.wikipedia.org/wiki/Physical_fitness']",2021-12-31T09:00:21Z
1,"185. TLT, TMF, TLTW ì–¸ì œ, ì–´ë””ì—, ì–´ë–»ê²Œ íˆ¬ìí•˜ë‚˜?",26,PT12M30S,32683,919,96,['https://en.wikipedia.org/wiki/Society'],2024-04-30T08:15:03Z
0,ì„¸ê³„ìµœê³  ìˆ˜ë¹„ìˆ˜ì˜ ëŒ€ì¸ìˆ˜ë¹„ëŠ¥ë ¥ #shorts #ë°˜ë‹¤ì´í¬,22,PT36S,4168632,38084,1475,"['https://en.wikipedia.org/wiki/Association_football', 'https://en.wikipedia.org/wiki/Sport']",2024-06-03T10:48:56Z
0,âš  ë¶€ë¶€ ì‚¬ì´ ì•„ë‹™ë‹ˆë‹¤ âš ,17,PT12S,11942746,96617,7785,"['https://en.wikipedia.org/wiki/Baseball', 'https://en.wikipedia.org/wiki/Sport']",2023-02-07T23:50:22Z
1,No-Nonsense Frontend Engineering Roadmap,28,PT15M9S,97885,4238,85,"['https://en.wikipedia.org/wiki/Knowledge', 'https://en.wikipedia.org/wiki/Technology']",2024-05-06T19:00:21Z
0,"ëª¨ë‘ì˜ ê³„ë€ 10í¸, í¸ì˜ì ì˜ ê·¸ ê³„ë€ìƒŒë“œìœ„ì¹˜ [Egg Sandwich] | ì •í˜¸ì˜ì˜ ì˜¤ëŠ˜ë„ ìš”ë¦¬",26,PT5M59S,1341909,19351,527,"['https://en.wikipedia.org/wiki/Food', 'https://en.wikipedia.org/wiki/Lifestyle_(sociology)']",2020-02-04T01:28:57Z
1,ì•ˆ ë³´ë©´ í‰ìƒ í›„íšŒí•˜ëŠ” ê¶ê·¹ì˜ ëˆê¹ŒìŠ¤,19,PT45S,4639171,112152,2279,"['https://en.wikipedia.org/wiki/Food', 'https://en.wikipedia.org/wiki/Lifestyle_(sociology)']",2024-04-06T01:00:15Z
0,Web Developer Roadmap 2022 | Ultimate Guide To Starting A Career In Web Development,27,PT22M27S,179423,8181,227,['https://en.wikipedia.org/wiki/Knowledge'],2021-12-18T17:02:03Z
0,ë‹¤ì‹œëŠ” ë°°ë¦°ì´ë¥¼ ë†€ë¦¬ì§€ ì•Šê² ìŠµë‹ˆë‹¤ ...,20,PT40S,1436761,52461,968,"['https://en.wikipedia.org/wiki/Action-adventure_game', 'https://en.wikipedia.org/wiki/Action_game', 'https://en.wikipedia.org/wiki/Video_game_culture']",2023-09-23T03:00:06Z
0,[ì†”ë¡œì§€ì˜¥3]ì‹«ì€ ë‚¨ì ì•ì—ì„œ í‘œì • ëª» ìˆ¨ê¸°ëŠ” ì—¬ì,24,PT59S,408767,4083,81,"['https://en.wikipedia.org/wiki/Entertainment', 'https://en.wikipedia.org/wiki/Film', 'https://en.wikipedia.org/wiki/Television_program']",2024-07-01T04:17:00Z
0,íŒëŒì´ì˜ ì§‘ì€ ì–´ë””? | ê¹¨ë¹„ì•ˆì „êµìœ¡ | ì•ˆì „ë§¨ | ëª½êµ¬ | ëª¨ë¥´ëŠ” ê¸¸ | ì•ˆì „í•œ ê¸¸ | ê¹¨ë¹„í‚¤ì¦ˆ KEBIKIDS,27,PT8M11S,1815657,3357,0,"['https://en.wikipedia.org/wiki/Entertainment', 'https://en.wikipedia.org/wiki/Film']",2017-05-16T07:00:00Z
0,"[ë ˆì „ë“œì§¤] ""ì–´ìš° ì–´ìš°...êµ¿ìƒ·!"" ì†¡ìœ ì§„ì˜ ì¹­ì°¬ì„ ì´ëŒì–´ë‚¸ ì „ì¬ìµì˜ ì´ˆì •ë°€ìƒ·! (2020.02.05 ì½”ë¦¬ì•„ ì»¬ë§ë¦¬ê·¸ ë¯¹ìŠ¤ë”ë¸”)",17,PT1M50S,882693,4558,946,['https://en.wikipedia.org/wiki/Sport'],2020-02-07T04:44:10Z
1,ì„¸ìƒì„ ì´ë„ëŠ” ì²œì¬ì˜ 7ë‹¨ê³„ ë…ì„œë²•,27,PT7M53S,570439,14982,242,[],2022-03-22T12:00:15Z
1,ì§€ê·¹íˆ ë†’ìœ¼ì‹  ì£¼ (Feat. Sein) King of Kings | íì†¡ í•œêµ­ì–´ Feat. Sein,10,PT4M26S,497063,3281,114,"['https://en.wikipedia.org/wiki/Christian_music', 'https://en.wikipedia.org/wiki/Music']",2019-11-15T04:00:01Z
1,(ì´ì •ë¦¬)ğŸ‡¯ğŸ‡µì¼ë³¸ ì˜¤ì‚¬ì¹´ ì—¬í–‰ í•µì‹¬ ìš”ì•½ğŸ—¼ì¤‘ìš” ìŠ¤íŒŸ 34ê³³ ëª°ì•„ë³´ê¸°(+ê¿€íŒ/ì†”ì§ë¦¬ë·°) | ì˜¤ì‚¬ì¹´ í•«í”Œ | ì£¼ìœ íŒ¨ìŠ¤ | ì‡¼í•‘ | ë§›ì§‘ | Osaka,19,PT32M46S,627058,10873,242,"['https://en.wikipedia.org/wiki/Lifestyle_(sociology)', 'https://en.wikipedia.org/wiki/Tourism']",2023-10-20T09:00:36Z
1,ìë°”ìŠ¤í¬ë¦½íŠ¸ ë¹„ë™ê¸° í”„ë¡œê·¸ë˜ë° #1 | ë™ê¸° vs ë¹„ë™ê¸°,27,PT13M52S,5997,241,71,"['https://en.wikipedia.org/wiki/Knowledge', 'https://en.wikipedia.org/wiki/Technology']",2023-11-11T10:51:20Z
1,5 Altcoins I'm Buying During The Market Crash,27,PT42M2S,438709,13920,750,['https://en.wikipedia.org/wiki/Society'],2024-05-07T01:30:15Z
0,"""í˜¸í˜• : ì—¬ê¸°!!""  ""ì†í¥ë¯¼ : ì•„ìœ  ì§„ì§œ""",17,PT31S,3143940,30719,514,"['https://en.wikipedia.org/wiki/Association_football', 'https://en.wikipedia.org/wiki/Sport']",2022-07-12T04:10:49Z
1,ë‚´ ë§ˆìŒì„ ê°€ë“ ì±„ìš´ - ìœ„ëŸ¬ë¸Œ Retouched | ë©”ì¸ ê±´ë°˜ ì»¤ë²„ E.Piano Cover | ë¦¬ë“œì‹œíŠ¸ í¬í•¨ | Here I am again,10,PT6M28S,14220,176,37,"['https://en.wikipedia.org/wiki/Christian_music', 'https://en.wikipedia.org/wiki/Music', 'https://en.wikipedia.org/wiki/Music_of_Asia']",2020-10-22T14:47:15Z
0,"ë³´ì´ìŠ¤ í‚¤ì¦ˆ - [ì— ë³´í‚¤4íšŒ/ë°°í‹€ë¼ìš´ë“œ] ì „ì•„í˜„,ë°•ì˜ˆìŒ,ì´ì€ì„± - ëˆˆì˜ ê½ƒ(ë°•íš¨ì‹ )",24,PT3M8S,2139136,10799,1168,"['https://en.wikipedia.org/wiki/Music', 'https://en.wikipedia.org/wiki/Music_of_Asia', 'https://en.wikipedia.org/wiki/Pop_music', 'https://en.wikipedia.org/wiki/Television_program']",2013-01-25T16:14:20Z
0,[ë¯¸ê³µê°œ] ì¢€ë¹„ ì‚¬íƒœì— ë±ìŠ¤ ì±™ê¸´ë‹¤ëŠ” íƒœì—°,22,PT47S,192206,6452,197,"['https://en.wikipedia.org/wiki/Entertainment', 'https://en.wikipedia.org/wiki/Television_program']",2024-07-19T10:00:58Z
1,ë§ë„ ì•ˆ ë˜ëŠ” ë§›,26,PT28S,7294519,211145,1057,"['https://en.wikipedia.org/wiki/Food', 'https://en.wikipedia.org/wiki/Lifestyle_(sociology)']",2024-03-11T09:01:54Z
0,ë” ì§€ë‹ˆì–´ìŠ¤: ë¸”ë™ê°€ë„· S03E09 í•˜ì—°ì£¼ ê½ƒë³‘í’ì˜ ë°˜ë€,10,PT1M39S,159805,298,99,"['https://en.wikipedia.org/wiki/Entertainment', 'https://en.wikipedia.org/wiki/Television_program']",2015-11-03T15:33:33Z
0,ëŒ€í•œë¯¼êµ­ ì‚¼í–‰ì‹œ êµ­ê°€ëŒ€í‘œì˜ ìœ„ì—„!,24,PT58S,2959320,58718,424,[],2023-09-01T13:00:00Z
1,ì´ë¬´ì§„ ì‹ ê³¡ ìŠ¤í¬ ë©œë¡œë””ë§Œ ë³´ê³  ì½”ë“œ ë§ì¶”ê¸°,10,PT29S,1634938,30350,1295,"['https://en.wikipedia.org/wiki/Music', 'https://en.wikipedia.org/wiki/Music_of_Asia', 'https://en.wikipedia.org/wiki/Pop_music']",2024-09-24T09:45:02Z
1,ğŸ¤£ğŸ¤£ğŸ˜‚ğŸ˜‚ğŸ¤£  BLADE OF STEEL #comedy #funnyvideo #funny #viral #shorts #trending #goviral,20,PT1M1S,96094602,3872705,28172,"['https://en.wikipedia.org/wiki/Entertainment', 'https://en.wikipedia.org/wiki/Film', 'https://en.wikipedia.org/wiki/Humour']",2024-01-05T14:23:55Z
0,ç¾ì¹œìœ¡ì¦™ ìµœìƒê¸‰ í•œìš°! ë ˆì–´VSì›°ë˜ |ìˆ˜ìš”ë¯¸ì‹íšŒ How to eat Hanwoo Korean Beef | Wednesday Foodtalk,24,PT4M32S,1126026,2192,2376,"['https://en.wikipedia.org/wiki/Entertainment', 'https://en.wikipedia.org/wiki/Food', 'https://en.wikipedia.org/wiki/Humour', 'https://en.wikipedia.org/wiki/Television_program']",2019-06-11T09:23:26Z
0,ì§„ì§œ ëê¹Œì§€ ë°•ë°• ìš°ê¸°ëŠ” ì‚¬ëŒë“¤ #ë„ê²½ìˆ˜ #ì´ì˜ì§€,22,PT50S,3304051,125249,326,['https://en.wikipedia.org/wiki/Entertainment'],2024-09-13T12:36:43Z
1,"Answering ALL your DATA SCIENCE questions: salary, work life balance, tech interviews, and more!",28,PT21M10S,8667,289,22,['https://en.wikipedia.org/wiki/Knowledge'],2023-05-28T13:30:04Z
0,HTML ê°•ì˜ Ep07_1 - ì´ë¯¸ì§€ & ë©€í‹°ë¯¸ë””ì–´ íƒœê·¸ | img íƒœê·¸ | ì›¹ ê°œë°œ ì…ë¬¸ | í•¨ê»˜ ì›¹ ê°œë°œì— ì…ë¬¸í•´ ë³´ëŠ”ê±´ ì–´ë–¨ê¹Œìš”?,27,PT9M,7504,55,17,['https://en.wikipedia.org/wiki/Technology'],2021-09-11T13:05:45Z
1,í•„ê¸°ëŠ” ë…¸ì…˜ìœ¼ë¡œ ì •ì°©í–ˆì–´ìš” | Notion í•„ê¸°ë…¸íŠ¸ í…œí”Œë¦¿ìœ¼ë¡œ ì‰½ê²Œ í•„ê¸°í•˜ê¸°,26,PT14M3S,143236,5629,76,[],2024-05-31T11:00:29Z
0,[ê²½ê¸° ë¶„ì„] ë ˆì•Œ ë§ˆë“œë¦¬ë“œì™€ ë§¨ì‹œí‹°ì˜ ìˆ˜ì¤€ ë†’ì€ ì±”ìŠ¤ 8ê°• 1ì°¨ì „,17,PT6M2S,11533,198,22,"['https://en.wikipedia.org/wiki/Association_football', 'https://en.wikipedia.org/wiki/Sport']",2024-04-10T13:30:17Z
0,[UEFA ìœ ë¡œ 2024] 16ê°• ì‰ê¸€ëœë“œ vs ìŠ¬ë¡œë°”í‚¤ì•„,17,PT20M11S,2153018,17523,3010,"['https://en.wikipedia.org/wiki/Association_football', 'https://en.wikipedia.org/wiki/Sport']",2024-06-30T19:43:44Z
1,ì—½ë–¡ ë’¤í¸ì— ì¨ìˆëŠ” ì¬ë£Œë¥¼ ì„ìœ¼ë©´ ì—½ë–¡ì´ ë ê¹Œ?,22,PT7M30S,925740,15981,619,"['https://en.wikipedia.org/wiki/Food', 'https://en.wikipedia.org/wiki/Lifestyle_(sociology)']",2024-02-23T11:35:19Z
1,"[ë¦¬ì–¼íƒ€ì„] ìš´ë™í•  ë•Œ ì•ˆì•• ì‹ ê²½ ì¨ì•¼ í•©ë‹ˆë‹¤ã…£ ë…¹ë‚´ì¥ ì˜ˆë°©í•˜ëŠ” ì´ˆê°„ë‹¨ ìš´ë™ë²• | ê·€í•˜ì‹  ëª¸ - 24í™” ì¦ìƒ ì—†ëŠ” ì‹¤ëª…ì˜ ìœ„í˜‘, ë…¹ë‚´ì¥ì„ ì˜ˆë°©í•˜ëŠ” ë²• #ê·€í•˜ì‹ ëª¸ #ê·€í•˜ì‹ ëª¸ìš´ë™ë²•",24,PT6M10S,9019,183,4,['https://en.wikipedia.org/wiki/Health'],2023-10-28T13:00:24Z
0,ì§„ì§œ ì‚¬ë‚˜ì´ë‚˜ì™”ë‹¤ê°€ ë¯¼ë§ ì‹¤ìˆ˜í•œ ì—°ì˜ˆì¸ ëª¨ìŒ,24,PT38S,3685884,37059,419,[],2024-07-25T02:45:00Z
1,ì¼ì£¼ì¼ì— 4ì¼ì€ ì±…ì„ì ¸ì¤„ ì‚¼ê²¹ì‚´ 3ê°€ì§€ ë ˆì‹œí”¼,22,PT54S,1025039,29805,272,"['https://en.wikipedia.org/wiki/Food', 'https://en.wikipedia.org/wiki/Lifestyle_(sociology)']",2023-11-15T09:01:40Z
1,"5 Unique Portfolio AI Projects (beginner to intermediate) | Python, OpenAI, ChatGPT, Langchain",27,PT16M52S,138027,4298,114,"['https://en.wikipedia.org/wiki/Knowledge', 'https://en.wikipedia.org/wiki/Technology']",2023-10-21T17:07:27Z
1,Primary & Foreign Keys,27,PT8M25S,483223,11701,637,"['https://en.wikipedia.org/wiki/Business', 'https://en.wikipedia.org/wiki/Knowledge']",2013-06-06T12:35:09Z
1,How to learn AI and get RICH in the AI revolution,28,PT7M11S,492290,18729,460,"['https://en.wikipedia.org/wiki/Knowledge', 'https://en.wikipedia.org/wiki/Technology']",2023-09-02T05:00:16Z
1,Master React JS in easy way,26,PT12M18S,102903,9245,640,"['https://en.wikipedia.org/wiki/Knowledge', 'https://en.wikipedia.org/wiki/Technology']",2024-07-23T11:17:21Z
1,ë¯¸êµ­ íœì‹¤ë² ë‹ˆì•„ ì£¼ë¦½ëŒ€ ìƒ˜ë¦¬ì°¨ë“œ êµìˆ˜ì˜ ê°•ì˜ì¤‘ ì„œì–‘ê³¼ ë™ì–‘ì˜ ë¬¸í™”ì— ëŒ€í•œ í† ë¡ ì¤‘ í•œêµ­ í•™ìƒì„ í–¥í•´ ìŸì•„ì§€ëŠ” ë°•ìˆ˜ê°ˆì±„. í•œêµ­í•™ìƒì˜ ê²¸ì†...,25,PT9M51S,4257542,29954,1750,"['https://en.wikipedia.org/wiki/Politics', 'https://en.wikipedia.org/wiki/Society']",2020-07-12T06:19:08Z
0,[ëª°ì¹´]ì°¸ì´ìŠ¬ ë³´ê³ ìˆë‚˜!!?? ì–´ë¦¬ë²„ë¦¬ ì‹ ì…ì‚¬ì›ì´ ë¬´ë£Œ ê´‘ê³  í•´ì¤¬ë‹¤!!! ë¯¸ë…€ë¶„í•˜ê³  ê°™ì´ ì›ƒì„ë¶„ êµ¬ë… ì˜ë½ë”± ëˆŒëŸ¬ë¼!!!! ê°€ë§Œíˆ ì§€ì¼œë³´ë˜ ì‚¬ì¥ë‹˜ë„ í„°ì¡Œë‹¤!!!,23,PT6M28S,1539661,14376,535,[],2021-01-14T08:00:07Z
1,EVERYTHING You Need to Know for the Digital SAT,27,PT7M45S,174567,10167,246,['https://en.wikipedia.org/wiki/Knowledge'],2023-08-05T20:53:12Z
1,How to Make Learning as Addictive as Social Media | Duolingo's Luis Von Ahn | TED,28,PT12M55S,7537100,374902,4512,['https://en.wikipedia.org/wiki/Knowledge'],2023-10-26T11:00:18Z
0,ê°€ìœ„ë°”ìœ„ë³´ëŠ” ê³µì •í• ê¹Œ? ì´ê¸°ëŠ” ë²•ì€ ì—†ì„ê¹Œ?,27,PT4M51S,1702439,19811,3535,['https://en.wikipedia.org/wiki/Society'],2019-03-30T06:13:18Z
0,Ronaldo's Secret: Discipline,22,PT30S,6037,73,4,"['https://en.wikipedia.org/wiki/Association_football', 'https://en.wikipedia.org/wiki/Sport']",2024-08-14T17:21:03Z
1,First Week In San Francisco,22,PT12M28S,85,10,3,"['https://en.wikipedia.org/wiki/Lifestyle_(sociology)', 'https://en.wikipedia.org/wiki/Tourism']",2024-09-12T22:31:40Z
1,The Lion and the Lamb,10,PT5M22S,721784,2452,8,"['https://en.wikipedia.org/wiki/Christian_music', 'https://en.wikipedia.org/wiki/Music', 'https://en.wikipedia.org/wiki/Music_of_Asia']",2022-04-15T03:07:02Z
0,ê¼¼ìˆ˜ ë¶€ë¦¬ëŠ” í—ˆë“¤ ê¿ˆë‚˜ë¬´,17,PT1M,6729298,74806,0,['https://en.wikipedia.org/wiki/Sport'],2024-06-03T10:00:23Z
1,ì—¬ìë“¤ì´ ì¢‹ì•„í•˜ëŠ” í‰ê·  ë‚¨ì í‚¤ ë˜ëŠ”ë²•? (ì˜í•™ì ìœ¼ë¡œ ê²€ì¦ëœ ìš´ë™ìœ¼ë¡œ ìˆ¨ì€ 'í‚¤' 5cm ì°¾ëŠ” ë°©ë²•?),17,PT5M42S,1326412,50175,1258,"['https://en.wikipedia.org/wiki/Health', 'https://en.wikipedia.org/wiki/Lifestyle_(sociology)', 'https://en.wikipedia.org/wiki/Physical_fitness']",2023-07-18T10:00:41Z
1,How to Solve ANY LeetCode Problem (Step-by-Step),28,PT12M37S,256197,10825,143,['https://en.wikipedia.org/wiki/Knowledge'],2024-05-21T19:00:14Z
0,2019ë…„ í”„ë¡œë§ˆìˆ ì‚¬ë„ ë†€ë€ ë§ˆë²• ê°™ì€ ì—„ì²­ë‚œ ë§ˆìˆ ë“¤ TOP5 - ë‹ˆí‚¤,24,PT10M35S,316695,1954,151,"['https://en.wikipedia.org/wiki/Entertainment', 'https://en.wikipedia.org/wiki/Performing_arts']",2019-11-23T03:00:00Z
1,ã€ê¿€íŒê°•ì˜ã€‘ ì—˜ë¦¬ì—‡ íŒŒë™ íƒ€ê²ŸíŒ…í•˜ëŠ” ë²• (ê¸°ì´ˆ&ì¤‘ê¸‰),24,PT26M14S,241940,9859,343,[],2023-07-02T02:28:52Z
1,ê±´ë°˜ ì• ë“œë¦½ğŸ¹ ì‹¤ì œë¡œ ë§ˆë¥´ê³  ë‹³ë„ë¡ ì“°ê³  ìˆëŠ” ì• ë“œë¦½ ë¼ì¸ 3ê°€ì§€ğŸ‘€ ê°™ì´ ë°°ì›Œë´…ì‹œë‹¤ğŸ™Œã…£ì—°ê²°ë¶€ë¶„ ìì—°ìŠ¤ëŸ½ê²Œ ì¹˜ëŠ” ë²•,22,PT14M44S,145490,3480,160,['https://en.wikipedia.org/wiki/Music'],2022-10-27T09:35:57Z
1,ì „ìë ˆì¸ì§€ 2ë¶„ì»· ğŸ³ì´ì°¬ì› ê°„ì¥ê³„ë€ë°¥ğŸ³,24,PT21S,4461111,141171,677,"['https://en.wikipedia.org/wiki/Food', 'https://en.wikipedia.org/wiki/Lifestyle_(sociology)']",2024-06-17T04:00:22Z
1,"[íˆ¬ìì´ì•¼ê¸°] ë¯¸êµ­ì¦ì‹œ ì‹ ê³ ê°€ ê²½ì‹ , ì–¸ì œê¹Œì§€ ì´ì–´ì§ˆê¹Œ? | 9ì›” FOMC 50bp ê¸ˆë¦¬ì¸í•˜ ì´í›„ S&P 500 ë²„ë¸” ìœ„í—˜ê³¼ ëŒ€ì‘ ì „ëµ",27,PT22M48S,10722,628,0,[],2024-09-22T03:28:33Z
1,[í”¼ì•„ë…¸ë°˜ì£¼ë²•] ë‚´ ì—°ì£¼ê°€ ê³ ê¸‰ìŠ¤ëŸ½ê²Œ ë“¤ë¦¬ì§€ ì•ŠëŠ” ì´ìœ ? ì™¼ì† ì˜¥íƒ€ë¸Œ ì£¼ë²• ì´ì œ ê·¸ë§Œ!!  _ ì½”ë“œ ë°˜ì£¼ë²• ccm,10,PT6M56S,146017,3421,39,['https://en.wikipedia.org/wiki/Music'],2020-07-21T11:00:13Z
1,While loops in Python are easy â™¾ï¸,27,PT6M58S,380633,10405,248,['https://en.wikipedia.org/wiki/Knowledge'],2022-10-22T14:02:58Z
0,'íŒ¨ìŠ¤ë§Œ 24ë²ˆ' í‹°í‚¤íƒ€ì¹´ ì œëŒ€ë¡œ ë³´ì—¬ì¤€ ìº„ë¹„ì•„ì†Œì˜ ê³¨âš½  #shorts,17,PT1M,553358,8610,441,"['https://en.wikipedia.org/wiki/Association_football', 'https://en.wikipedia.org/wiki/Sport']",2024-06-12T02:30:25Z
1,Lorentzian Classification: Machine Learning Driven TradingView Indicator,22,PT17M43S,250377,6701,675,['https://en.wikipedia.org/wiki/Knowledge'],2023-02-10T02:40:05Z
1,ë‹¨ëˆ 5ë§Œì›ìœ¼ë¡œ ì•Œë˜ìŠ¤ì¹´ì— ë‹¤ë…€ì˜¨ ì‚¬ëŒ,23,PT1M,6272113,107304,418,[],2024-06-16T02:00:19Z
0,"[í•œêµ­ì–´ ì²œì¬] ë¹„ê±´ ë ˆì‹œí”¼ë¡œ ì¦ê¸°ëŠ” í•œêµ­ ìŒì‹ | í•œêµ­ì–´ì²œì¬, Food Talk",24,PT20M25S,914,20,3,['https://en.wikipedia.org/wiki/Society'],2020-07-15T02:23:02Z
1,á„‹á…§á†¼á„‰á…¡á†¼á„á…©á†¼á„’á…ªá„…á…© á„‹á…µá„‰á…³á†¼á„‹á…® á„ƒá…¦á„‡á…±á„€á…©á†¯ á„á…®á†¨á„’á…¡á„’á…¢á„Œá…®á„‚á…³á†« á„Œá…©á„‹á…¯á†«á„’á…´â€¦ á„‰á…¢á†¼á„€á…¡á†¨á„‡á…©á„ƒá…¡ á„†á…¡á†­á„‹á…µ á„’á…µá†·á„ƒá…³á†¯á„‹á…¥á†»á„‹á…¥á†»á„‚á…¡ á„‡á…©á„‚á…¦á„‹á…­ã… ã… ã… ,17,PT8M44S,268812,3712,545,"['https://en.wikipedia.org/wiki/Association_football', 'https://en.wikipedia.org/wiki/Sport']",2020-09-15T04:43:15Z
0,"ENTJ ë¸”ë™íí‹° ë ˆì „ë“œ ê¸¸ê±°ë¦¬ìºìŠ¤íŒ…ã…£Korean Cute girl, Rate yourself challenge",24,PT58S,6223835,122457,1678,['https://en.wikipedia.org/wiki/Lifestyle_(sociology)'],2023-08-31T09:00:12Z
0,ì € ì´ ì´ë¦„ ë§ˆìŒì— ë“œë„¤ìš¬ã…‹ ê·¸ë¦¼ìì˜ ë¹›ì´ë¼ë‹ˆ..,22,PT7S,549,10,18,[],2024-09-21T09:56:12Z
0,ë©”ì¸ ì¬ë£Œê°€ ë§ì•„ì•¼ ë§›ìˆë‹¤,22,PT44S,2694829,39089,872,['https://en.wikipedia.org/wiki/Food'],2024-09-07T11:01:01Z
0,Good Baby Zombie but Poor - Sad Story - Minecraft Animation,1,PT9M33S,7640811,80272,1364,['https://en.wikipedia.org/wiki/Video_game_culture'],2021-05-06T03:29:43Z
0,ê°„ì¥ê²Œì¥ ë©¸ë§ì „ã„·ã„·ì˜¨ë¼ì¸ ìµœê³ ì˜ ê²Œì¥ì„ ì°¾ì•„ì„œ..,22,PT15M56S,1415334,21798,5297,"['https://en.wikipedia.org/wiki/Food', 'https://en.wikipedia.org/wiki/Lifestyle_(sociology)']",2020-09-26T09:15:05Z
1,"But what is a neural network? | Chapter 1, Deep learning",27,PT18M40S,17482744,428349,7593,['https://en.wikipedia.org/wiki/Knowledge'],2017-10-05T15:11:25Z
1,How The Backend Works,27,PT4M14S,557167,14523,154,"['https://en.wikipedia.org/wiki/Knowledge', 'https://en.wikipedia.org/wiki/Technology']",2019-04-01T16:00:01Z
0,"ë°”í ë¬´ë°˜ì£¼ ì²¼ë¡œê³¡ê³¼ ì‡¼íŒ½ ë…¹í„´ì˜ ë§Œë‚¨ Chopin Nocturne with Bach Suite, No.1",10,PT5M38S,1171451,5876,24,"['https://en.wikipedia.org/wiki/Classical_music', 'https://en.wikipedia.org/wiki/Music']",2022-12-16T18:44:59Z
1,Back End Developer Roadmap 2024,27,PT10M30S,598382,19086,555,"['https://en.wikipedia.org/wiki/Knowledge', 'https://en.wikipedia.org/wiki/Technology']",2024-03-11T14:16:38Z
0,"Linear Regression, Clearly Explained!!!",27,PT27M27S,1396752,23437,1584,['https://en.wikipedia.org/wiki/Knowledge'],2017-07-24T19:06:27Z
0,ì™¸ë™ì€ ê³µê° ëª»í•˜ëŠ” ì˜ìƒ,23,PT30S,1790033,56335,2372,[],2024-09-14T08:30:01Z
1,Jesus I Love You More (Live),10,PT8M26S,708343,2146,0,"['https://en.wikipedia.org/wiki/Christian_music', 'https://en.wikipedia.org/wiki/Music']",2020-04-18T19:07:34Z
0,"ë§›ìˆëŠ” ì‚¼ê²¹ì‚´ êµ¬ì´ í•˜ë©´ì„œ ê¸°ë¦„íŠ ë‚œë¦¬ì—ì„œ í•´ë°©ë˜ëŠ” ë°©ë²• by mimimgram  (ASMR cooking No talking, prevent oil splashing)",26,PT56S,1266074,2151,881,"['https://en.wikipedia.org/wiki/Food', 'https://en.wikipedia.org/wiki/Lifestyle_(sociology)']",2020-04-11T14:05:36Z
1,3 PYTHON AUTOMATION PROJECTS FOR BEGINNERS,28,PT17M,1672557,71430,773,"['https://en.wikipedia.org/wiki/Knowledge', 'https://en.wikipedia.org/wiki/Technology']",2022-07-12T12:00:40Z
0,Despicable Me 3 Final Battle with healthbars 2/2 (10K Subscriber Special),20,PT4M25S,6574358,35533,273,['https://en.wikipedia.org/wiki/Video_game_culture'],2020-04-29T19:06:24Z
1,"ìœ ëª… ì»¨í¼ëŸ°ìŠ¤ ëª¨ë¸ë¡œ íŠ¸ë ˆì´ë”© í•˜ê¸° (PatchTST, ICLR 2023)",28,PT7M19S,548,27,3,['https://en.wikipedia.org/wiki/Knowledge'],2024-10-01T05:32:37Z
1,1 day vs 10 years in Germany | Windows ğŸ¥¶ğŸ’¨,24,PT1M,57093693,2788884,17391,['https://en.wikipedia.org/wiki/Lifestyle_(sociology)'],2024-07-13T17:13:46Z
0,[ì†”ë¡œì§€ì˜¥3] ë±ìŠ¤ì”¨ ë’¤ì—ì„œ ëª°ë˜ ìŠ¤í‚¨ì‰½í•˜ì£ ?,24,PT58S,5690744,60594,624,[],2023-12-31T09:00:26Z
1,[íˆ¬ìì´ì•¼ê¸°] ë¹„íŠ¸ì½”ì¸ ì „ê³ ì  ëŒíŒŒ ê°€ëŠ¥í• ê¹Œ? | ë¹„íŠ¸ì½”ì¸ ì¸ë¨¸ë ë¦¬ ê°€ëŠ¥ì„± & 2024ë…„ í•˜ë°˜ê¸° íˆ¬ìì „ëµ,27,PT21M17S,6132,401,0,[],2024-07-20T23:41:30Z
1,"#ê°€ì§œë‰´ìŠ¤ #ê°€ì§œì‹ ì•™, ë‚¨ì˜ ë§ì— í˜¹í•˜ì§€ ì•Šê³  ë‚´ ì¤‘ì‹¬ì„ ì§€í‚¤ëŠ” ë²•ã…£ê¹€í•™ì²  ëª©ì‚¬, ì—°ì„¸ëŒ€ í•™ë¶€ëŒ€í•™ êµìˆ˜ã…£ì˜ì˜ë²• Ep. 33",27,PT17M54S,375945,9615,505,"['https://en.wikipedia.org/wiki/Religion', 'https://en.wikipedia.org/wiki/Society']",2020-05-29T12:00:12Z
0,í•œë²ˆì— ì‚´í´ë³´ëŠ” ìº„ë³´ë””ì•„ ì—­ì‚¬ (History of Cambodia),27,PT12M59S,445927,4843,518,['https://en.wikipedia.org/wiki/Knowledge'],2019-03-13T16:01:16Z
1,Promises ì•½ì†ì˜ í•˜ë‚˜ë‹˜ï½œGIA Micro Lab Musicï½œí•œê¸€ìë§‰,10,PT4M51S,824,43,4,"['https://en.wikipedia.org/wiki/Christian_music', 'https://en.wikipedia.org/wiki/Music', 'https://en.wikipedia.org/wiki/Pop_music']",2024-07-18T07:38:47Z
1,ì§‘ì—ì„œ 5kg ë¤ë²¨ë¡œ í•˜ëŠ” ì–´ê¹¨ ìš´ë™ë£¨í‹´!,17,PT12M48S,2183330,37299,1043,"['https://en.wikipedia.org/wiki/Health', 'https://en.wikipedia.org/wiki/Lifestyle_(sociology)', 'https://en.wikipedia.org/wiki/Physical_fitness']",2022-03-19T08:38:23Z
0,EBS ë‹¤íí”„ë¼ì„ - Docuprime_ë¹„ë°€ì˜ ì™•êµ­ 1ë¶€- ì œêµ­ì˜ íƒ„ìƒ_#003,19,PT10M48S,57476,450,34,['https://en.wikipedia.org/wiki/Knowledge'],2019-03-05T10:08:48Z
1,ì¼ë°˜ì¸ì´ ì¶•êµ¬ì„ ìˆ˜ì™€ ë›°ë©´ ëŠë¼ê²Œ ë˜ëŠ” ê²ƒë“¤ + ì„ ìˆ˜ê°€ ë˜ëŠ” ë°©ë²•,17,PT14M4S,69504,1438,184,"['https://en.wikipedia.org/wiki/Association_football', 'https://en.wikipedia.org/wiki/Sport']",2021-01-18T09:00:15Z
1,"If I Wanted a Software Engineering Internship in 2025, Iâ€™d Do This",27,PT10M,116967,7283,190,"['https://en.wikipedia.org/wiki/Knowledge', 'https://en.wikipedia.org/wiki/Technology']",2024-08-27T21:00:42Z
0,ê¹€ì§€ì˜ì´ ëœ¨ê±°ì›Œì§„ ì´ìœ ,24,PT32S,287752,3274,115,"['https://en.wikipedia.org/wiki/Entertainment', 'https://en.wikipedia.org/wiki/Television_program']",2024-05-18T03:15:02Z
1,Katy Perry - Firework (Lyrics),10,PT3M49S,58921688,433026,11671,"['https://en.wikipedia.org/wiki/Electronic_music', 'https://en.wikipedia.org/wiki/Music', 'https://en.wikipedia.org/wiki/Pop_music']",2020-07-31T15:24:52Z
1,24ì‹œê°„ë™ì•ˆ ìŠ¤ë§ˆíŠ¸í° ì•ˆ ì“°ê¸° vs ìŠ¤ë§ˆíŠ¸í°ë§Œ ì“°ê¸°!! í°ë§Œ ê°–ê³  ì‚´ ìˆ˜ ìˆì„ê¹Œ?!,24,PT17M49S,4416487,30798,2675,[],2020-11-29T09:00:00Z
1,ğŸ”¥ë¶ˆ ì•ˆ ì“°ê³  ì „ìë Œì§€ë¡œ ë§Œë“œëŠ” ì‚´ë¹ ì§€ëŠ” ë‹¨ë°±ì§ˆ ê°€ë“ ë‹¤ì´ì–´íŠ¸ ë ˆì‹œí”¼ | ì´ˆê°„ë‹¨ ìš”ë¦¬ | ë‹¤ì´ì–´íŠ¸ì‹ë‹¨,26,PT12M21S,100839,5949,45,"['https://en.wikipedia.org/wiki/Food', 'https://en.wikipedia.org/wiki/Lifestyle_(sociology)']",2023-09-24T00:00:20Z
1,System Design Concepts Course and Interview Prep,27,PT53M38S,340173,12346,220,"['https://en.wikipedia.org/wiki/Knowledge', 'https://en.wikipedia.org/wiki/Technology']",2024-07-25T13:36:47Z
0,ì§„ìƒì†ë‹˜ì— ì˜í•´ íƒ„ìƒí•œ ìŒì‹,27,PT3M12S,154745,2278,350,[],2021-01-17T07:00:15Z
0,[ëª°ì¹´]ê¹”ê³ ì•„ì €ì”¨ ì´ë²ˆì—” ë³´í—˜íšŒì‚¬ ì €ê²©í•˜ë‹¤!! ë³´í—˜ì•½ê´€ ê°œê³µê° ëª°ì¹´ë¡œ ì›ƒê²¨ ë²„ë ¸ëŠ”ë° ë™ì˜í•˜ì‹­ë‹ˆê¹Œ? êµ¬ë… ë¬´ì¡°ê±´ í•˜ì…”ì•¼ í•˜ì‹œëŠ”ê±° ë™ì˜ í•˜ì‹­ë‹ˆê¹Œ!? ì–´ ë³´ê°,23,PT9M19S,2604435,27721,892,[],2021-04-11T10:45:01Z
1,ì—¬í–‰ìš© ìºë¦¬ì–´ 'ì´ê²ƒ'ë§Œ ì•Œë©´ ëë‚©ë‹ˆë‹¤! ì¶”ì²œ ì œí’ˆ BEST5,22,PT7M35S,178380,1104,26,[],2023-02-10T01:41:47Z
1,How to create Football Pass Maps using Python,17,PT20M34S,7679,476,14,['https://en.wikipedia.org/wiki/Knowledge'],2022-06-13T13:12:55Z
0,ëª‡ ëª…ì´ ë” ë¶™ì–´ì•¼ í•˜ëŠ” ê±°ì•¼,17,PT22S,154558,992,37,"['https://en.wikipedia.org/wiki/Association_football', 'https://en.wikipedia.org/wiki/Sport']",2024-09-23T02:07:50Z
0,ì˜¤ë¹  í—ˆë²…ì§€ëŠ” ì™œ ìê¾¸ ë‚´ë ¤ì³? #ìŠ¤ë¬¼,22,PT59S,2546356,26496,967,"['https://en.wikipedia.org/wiki/Entertainment', 'https://en.wikipedia.org/wiki/Film', 'https://en.wikipedia.org/wiki/Television_program']",2024-04-23T08:30:22Z
1,ìŠ¤ì¿¼íŠ¸ ì–¼ë§ˆë‚˜ ê¹Šê²Œ ì•‰ì•„?,17,PT50S,1631773,39161,269,"['https://en.wikipedia.org/wiki/Health', 'https://en.wikipedia.org/wiki/Lifestyle_(sociology)', 'https://en.wikipedia.org/wiki/Physical_fitness']",2024-03-19T23:37:39Z
1,How I'd Learn Data Science In 2024 (If I Could Restart)  - The Ultimate Roadmap,28,PT26M43S,72185,3853,166,"['https://en.wikipedia.org/wiki/Knowledge', 'https://en.wikipedia.org/wiki/Technology']",2024-01-04T15:00:04Z
1,Learn Python Classes With a Text-Based Battle - OOP Tutorial,26,PT15M25S,155608,7052,280,['https://en.wikipedia.org/wiki/Knowledge'],2023-07-02T14:00:24Z
0,Baby Skeleton and Baby Zombie Life Story - Minecraft Animation,1,PT10M21S,12873953,124540,1408,['https://en.wikipedia.org/wiki/Video_game_culture'],2021-04-03T02:51:35Z
0,ë§¥ë¶ì´ ì „í˜€ ë¹„ì‹¸ì§€ ì•Šì€ ì´ìœ ??,26,PT50S,666727,6616,1117,['https://en.wikipedia.org/wiki/Technology'],2023-09-07T14:28:26Z
0,ì–´ì¼€í–ˆë…¸,10,PT12S,5284710,129665,1752,"['https://en.wikipedia.org/wiki/Music', 'https://en.wikipedia.org/wiki/Music_of_Asia', 'https://en.wikipedia.org/wiki/Pop_music']",2024-07-10T02:00:01Z
0,The best examples of teamwork Iâ€™ve ever seen ğŸ”¥,17,PT1M,309843884,11631166,14107,"['https://en.wikipedia.org/wiki/Hobby', 'https://en.wikipedia.org/wiki/Lifestyle_(sociology)']",2022-06-04T00:00:01Z
0,[í”„ë¡œë¯¸ìŠ¤ë‚˜ì¸] ì—°ì„¸ëŒ€ í”Œë¡œë²„,22,PT26S,999906,31757,139,[],2024-06-28T09:00:47Z
0,ì´ë¯¸ ê²°í˜¼í•œ ì‚¬ëŒë„ ê¼­ ë³´ì„¸ìš”!ã…£ê¹€ê¸°ì„ ëª©ì‚¬ã…£ì˜ì˜ë²• Ep.72,27,PT17M16S,1198451,27252,1143,['https://en.wikipedia.org/wiki/Religion'],2021-05-28T09:00:12Z
1,"ê°œë°œì, ëˆì„ ë²Œê¸° ìœ„í•´ í•„ìš”í•œ ì½”ë”© ì‹¤ë ¥",28,PT11M30S,23177,1008,107,[],2024-03-18T00:34:36Z
0,Machine Learning Projects for Beginners (Datasets Included),27,PT6M58S,419468,10551,190,"['https://en.wikipedia.org/wiki/Knowledge', 'https://en.wikipedia.org/wiki/Technology']",2019-09-25T13:48:52Z
1,"í† ë¡  ì‹¤ë ¥ ìƒìœ„ 0.1% ì¸ì¬ê°€ ë…¼ë¦¬ë ¥, í‘œí˜„ë ¥, ë¬¸ì¥ë ¥ í‚¤ìš´ ë¹„ê²° - ì´ì¤€ì„ ë°°ë‚˜ì‚¬ ëŒ€í‘œ êµì‚¬ (ì´ˆì¤‘ê³  í•™ë¶€ëª¨ ì‹œì²­ ì¶”ì²œ)",27,PT13M26S,99679,3027,214,"['https://en.wikipedia.org/wiki/Politics', 'https://en.wikipedia.org/wiki/Society']",2023-09-11T11:45:01Z
1,Search Nearby Businesses With Google Maps API and Python,27,PT13M39S,27431,441,41,"['https://en.wikipedia.org/wiki/Knowledge', 'https://en.wikipedia.org/wiki/Technology']",2021-05-05T15:00:28Z
1,ê³ ìˆ˜ìµì•Œë°” ëŒ€ì²´  ë­˜ ì‹œí‚¤ëŠ” ê±¸ê¹Œ?,22,PT7M25S,1783211,18727,3460,[],2021-01-28T11:35:50Z
0,Aliminium Wire Cut,24,PT10S,148801409,4729948,8106,[],2022-11-23T18:25:00Z
1,How To Get Out of Tutorial Hell (Step by Step Guide),22,PT4M54S,496928,44539,1078,['https://en.wikipedia.org/wiki/Technology'],2023-03-28T10:21:29Z
1,ì¸ìƒê°„ì¥êµ­ìˆ˜,26,PT47S,6374945,191000,1569,"['https://en.wikipedia.org/wiki/Food', 'https://en.wikipedia.org/wiki/Lifestyle_(sociology)']",2024-04-22T08:21:00Z
0,"ã€ë¹„íŠ¸ì½”ì¸ã€‘ í•˜ë½ ì¶”ì„¸ê°€ ì‹œì‘ë˜ëŠ” ê±´ê°€? (ft. ë¹„íŠ¸ ì›í™”ì°¨íŠ¸, í…ŒìŠ¬ë¼)",24,PT12M7S,9388,239,34,[],2024-05-01T03:02:44Z
0,ê°ìŠ¤íŠ¸ë¥¼ ì›ƒê²¨ë¼ ë ˆì „ë“œ ìê° ëª¨ìŒ ã…‹ã…‹ã…‹ã…‹ã…‹ã…‹,22,PT59S,4782566,88912,704,['https://en.wikipedia.org/wiki/Entertainment'],2024-03-31T11:29:35Z
1,[í•˜ì´ë¼ì´íŠ¸] ğŸ”¥ì—´ì •+ì˜ìš• MAXğŸ”¥ ì²« ê²½ê¸°ë¶€í„° ëŒ€ìŠ¹?! ì•ˆì •í™˜ì´ ë§Œì¡±í•œ ì–´ì©Œë‹¤'NEW'ë²¤ì ¸ìŠ¤ì˜ ì‹œì‘âš½ | ë­‰ì³ì•¼ ì°¬ë‹¤3 | JTBC 240623 ë°©ì†¡,17,PT30M47S,601070,4341,1483,"['https://en.wikipedia.org/wiki/Association_football', 'https://en.wikipedia.org/wiki/Sport']",2024-06-23T12:19:05Z
1,'ë°¥ì´ë‘ ëì¥ë‚˜ê²Œ ì–´ìš¸ë¦¬ëŠ”' ê¹€ì¹˜ì°Œê°œ ë ˆì‹œí”¼,22,PT6M27S,4654103,44866,2618,"['https://en.wikipedia.org/wiki/Food', 'https://en.wikipedia.org/wiki/Lifestyle_(sociology)']",2019-06-09T07:39:50Z
1,ëª¸ ë§Œë“¤ ë•Œ ê¼­ í•„ìš”í•œ ìš´ë™ì…ë‹ˆë‹¤...,24,PT32S,1867777,32070,562,"['https://en.wikipedia.org/wiki/Health', 'https://en.wikipedia.org/wiki/Lifestyle_(sociology)', 'https://en.wikipedia.org/wiki/Physical_fitness']",2024-03-31T09:20:46Z
0,ì°¨ì€ìš° ë…¼ë€,20,PT33S,4122719,128741,2552,[],2024-04-29T02:09:53Z
0,ì„±í¼ì„±í¼ ë‚˜íƒ€ë‚˜ ë¸Œë£¨ë…¸ ì œì••í•˜ëŠ” ê¹€ë¯¼ì¬ (09.21),17,PT13S,804514,6546,274,"['https://en.wikipedia.org/wiki/Association_football', 'https://en.wikipedia.org/wiki/Sport']",2023-09-20T22:07:53Z
0,"HyunA - Change (feat. Yong Jun Hyeong), í˜„ì•„ - ì²´ì¸ì§€ (feat. ìš©ì¤€í˜•), Music core 20100130",24,PT4M50S,2448446,14572,629,"['https://en.wikipedia.org/wiki/Music', 'https://en.wikipedia.org/wiki/Music_of_Asia', 'https://en.wikipedia.org/wiki/Pop_music', 'https://en.wikipedia.org/wiki/Television_program']",2012-02-03T21:03:56Z
0,ì›€íŒŒë£¸íŒŒ & ê±°ì¸ì¡±ì˜ ì˜· ë°”ê¿”ì…ê¸° @ì±”ë³´,27,PT38S,1511499,25345,377,[],2024-07-02T12:27:19Z
0,A Complete Guide to Taking Notes in the TOEFL Listening,27,PT25M32S,183260,5343,234,['https://en.wikipedia.org/wiki/Knowledge'],2021-03-29T01:02:30Z
0,ë­ì•¼! ëŒ€í•™ìƒ ì‹¤ë ¥ì´... / #ì„œíš¨ì˜ #íƒêµ¬ #íƒêµ¬íŠ¸ë¦½ #íƒêµ¬ëŠ”ì˜í™”ë‹¤,17,PT25S,2819964,11794,147,['https://en.wikipedia.org/wiki/Sport'],2024-06-29T02:30:14Z
1,ğŸ§  ë„íŒŒë¯¼ ì¤‘ë…? ë””í†¡ìŠ¤? ë‡Œê³¼í•™ìê°€ ì†Œê°œí•˜ëŠ” ë‡Œ í•´í‚¹ ë°©ë²• ê³µê°œ!,26,PT15M16S,832104,23823,451,['https://en.wikipedia.org/wiki/Health'],2023-07-14T11:00:01Z
0,ìˆ˜ ë§ì€ ë¬´ë¦¬ë“¤ì´ ì¤„ì§€ì–´/LET US LIFT THE NAME OF JESUS (Live) - LEVISTANCE ì˜ˆë°° ì‹¤í™©,10,PT9M16S,149130,2810,189,"['https://en.wikipedia.org/wiki/Christian_music', 'https://en.wikipedia.org/wiki/Music']",2023-04-20T13:00:08Z
0,ë‚˜ëŠ” ììœ í•´ I Am Free,10,PT5M56S,150982,411,0,"['https://en.wikipedia.org/wiki/Christian_music', 'https://en.wikipedia.org/wiki/Music']",2024-02-21T02:59:42Z
1,Building a RESTful API with Cloud Functions and Firestore - 08 - Deploy and re-test with Postman,26,PT6M34S,14122,216,53,"['https://en.wikipedia.org/wiki/Knowledge', 'https://en.wikipedia.org/wiki/Technology']",2020-01-20T19:06:33Z
1,ìœ í–‰ ì—†ì´ í‰ìƒ ì…ëŠ” ë‚¨ì íŒ¨ì…˜ ì…ë¬¸ í•„ìˆ˜í…œ!!,22,PT7M41S,433099,15766,340,"['https://en.wikipedia.org/wiki/Fashion', 'https://en.wikipedia.org/wiki/Lifestyle_(sociology)']",2024-01-23T09:00:36Z
0,[ENG] 16 ìœ í˜•ì˜ MBTIê°€ í•œ ê³µê°„ì—ì„œ ì‚´ì•„ê°„ë‹¤ë©´? I MBTI ì¸ì‚¬ì´ë“œ EP.1,24,PT55M6S,940305,28528,1823,['https://en.wikipedia.org/wiki/Lifestyle_(sociology)'],2022-09-02T09:02:31Z
1,How to Find a Career You Genuinely Love,27,PT12M41S,2175102,76785,1345,['https://en.wikipedia.org/wiki/Knowledge'],2023-01-12T15:00:24Z
0,3 BAD BABY ZOMBIE - Sad Story - Minecraft Animation,1,PT10M11S,13488093,145145,2363,['https://en.wikipedia.org/wiki/Video_game_culture'],2021-07-16T10:25:29Z
0,ë§¤ë‹ˆì € ë­ì»¤ê°€ ì•Œë ¤ì£¼ëŠ”ë§¤ë‹ˆì €ëª¨ë“œ 1í‹°ì–´ ì„ ìˆ˜ë“¤ ì •ë¦¬ [í”¼íŒŒëª¨ë°”ì¼],20,PT17M12S,3463,44,31,"['https://en.wikipedia.org/wiki/Sports_game', 'https://en.wikipedia.org/wiki/Video_game_culture']",2020-12-05T13:40:53Z
1,"ë‚´ê°€ ëŠ˜ ì˜ì§€í•˜ëŠ” ì˜ˆìˆ˜ Oh, the Best Friend to Have is Jesus",10,PT5M4S,3314207,6991,0,"['https://en.wikipedia.org/wiki/Christian_music', 'https://en.wikipedia.org/wiki/Music']",2022-07-21T04:36:17Z
1,ë„“ì€ ì–´ê¹¨ëŠ” ì–´ë–»ê²Œ ë§Œë“¤ì–´ì§€ëŠ”ê°€? (ì–´ê¹¨ í”„ë ˆì„ ë„“í˜€ì£¼ëŠ” ìš´ë™),17,PT6M54S,2020703,60048,578,"['https://en.wikipedia.org/wiki/Health', 'https://en.wikipedia.org/wiki/Lifestyle_(sociology)', 'https://en.wikipedia.org/wiki/Physical_fitness']",2022-11-17T12:00:32Z
0,ì°¨ì— ì¹˜ì´ëŠ” ìˆœê°„ 'ì í”„'â€¦ë‚ ì•„ê°„ ì—¬ì„± í”¼í•´ ë³´ìƒ ë…¼ë€ / SBS / ì˜¤í´ë¦­,25,PT1M32S,2610703,8802,7030,['https://en.wikipedia.org/wiki/Society'],2024-04-12T08:52:16Z
1,Lv.3.5 ì¥ë¹„ì—†ì´ ë“±ê³¼ ì´ë‘ë¥¼ ë™ì‹œì— ì¡°ì ¸ ë²„ë¦¬ëŠ” ë£¨í‹´! (ë– ë¨¹ëŠ” í™ˆíŠ¸),17,PT16M48S,301176,3104,178,"['https://en.wikipedia.org/wiki/Health', 'https://en.wikipedia.org/wiki/Lifestyle_(sociology)', 'https://en.wikipedia.org/wiki/Physical_fitness']",2021-01-17T05:11:45Z
1,Amazon System Design Interview: Design Parking Garage,28,PT29M59S,1466491,26792,1145,"['https://en.wikipedia.org/wiki/Knowledge', 'https://en.wikipedia.org/wiki/Technology']",2021-03-29T16:30:01Z
0,DreamWorks Madagascar | Hello Kitty | Madagascar 3: Europe's Most Wanted | Kids Movies,1,PT5M4S,3154874,12183,0,"['https://en.wikipedia.org/wiki/Entertainment', 'https://en.wikipedia.org/wiki/Film']",2020-07-28T11:00:08Z
0,TOGETHER! (íˆ¬ê²Œë”!),10,PT3M6S,21148620,75613,957,"['https://en.wikipedia.org/wiki/Independent_music', 'https://en.wikipedia.org/wiki/Music', 'https://en.wikipedia.org/wiki/Music_of_Asia', 'https://en.wikipedia.org/wiki/Pop_music']",2019-03-13T12:44:11Z
1,ì‚¬ì´Œ ë™ìƒë„ ì´í•´ì‹œí‚¨ ë“„ ì„¸ê³„ê´€ ì •ë¦¬,22,PT16M29S,936409,10555,494,['https://en.wikipedia.org/wiki/Film'],2024-02-29T15:08:04Z
1,If I Were Looking For A Tech Job In 2024 I'd Do This,28,PT9M43S,309044,10323,320,[],2024-01-13T20:30:03Z
1,BETELGEUSE,10,PT3M51S,58108868,229020,0,"['https://en.wikipedia.org/wiki/Music', 'https://en.wikipedia.org/wiki/Music_of_Asia', 'https://en.wikipedia.org/wiki/Pop_music']",2022-01-11T10:09:40Z
0,"ëŒ€ì„  ì´í›„ì˜ ì§‘ê°’, ë¶€ë™ì‚° ì§„ì§œ ë”± ì´ë ‡ê²Œ ëœë‹¤. ì´ì¬ëª…ë¶€ë™ì‚°ì •ì±…, í™ì¤€í‘œë¶€ë™ì‚°ì •ì±…, ì´ë‚™ì—°ë¶€ë™ì‚°ì •ì±…, ìœ¤ì„ì—´ë¶€ë™ì‚°ì •ì±…",22,PT9M4S,10470,213,25,[],2021-10-01T09:48:10Z
1,How to get a PERFECT 800 on the SAT Math (2024),27,PT14M38S,248163,12121,705,['https://en.wikipedia.org/wiki/Knowledge'],2023-12-30T22:05:14Z
1,"ë‡Œê³¼í•™ìëŠ” ì´ë ‡ê²Œ ê³µë¶€í•˜ê³  ì§‘ì¤‘í•©ë‹ˆë‹¤ | ì§‘ì¤‘ë ¥ ë†’ì´ëŠ” ìš´ë™, ì§‘ì¤‘ë ¥ ë£¨í‹´",27,PT11M15S,162924,4888,118,[],2024-06-04T11:30:04Z
0,ë¨¸ì‰¬ë§˜ 1512ë§ˆë¦¬ ë‹¬ì„±! 1000ì‹œê°„ íŒŒë° ë“œê°€ì~,20,PT4H39M11S,48109,28,0,"['https://en.wikipedia.org/wiki/Role-playing_video_game', 'https://en.wikipedia.org/wiki/Video_game_culture']",2024-09-27T08:35:35Z
0,ì´ê±¸ ì–´ë–»ê²Œ ì•ˆ ì›ƒì–´ìš” ã…‹ã…‹ã…‹ #ëŸ°ë‹ë§¨,24,PT56S,2233119,49144,233,"['https://en.wikipedia.org/wiki/Entertainment', 'https://en.wikipedia.org/wiki/Film', 'https://en.wikipedia.org/wiki/Television_program']",2024-01-31T08:00:20Z
1,How to Get and Evaluate Startup Ideas | Startup School,28,PT32M22S,809040,20616,354,['https://en.wikipedia.org/wiki/Business'],2022-11-17T16:17:33Z
0,[ìš°ë¦¬ ê²°í˜¼í–ˆì–´ìš”] â™¨í›„ëˆâ™¨ ì†Œì€ì„ ë‹¹í™©ì¼€í•œ ì¬ë¦¼ì˜ í•œë§ˆë””! (ì†¡ì¬ë¦¼â¤ê¹€ì†Œì€ We Got Married) 20141011,24,PT7M47S,17593789,60314,2475,"['https://en.wikipedia.org/wiki/Entertainment', 'https://en.wikipedia.org/wiki/Television_program']",2014-11-13T01:35:20Z
0,ë°©íƒ•í•´ì„œ ìœ ëª…í•´ì§„ ì•ˆì ¤ë¦¬ë‚˜ ì¡¸ë¦¬..ê·¸ë…€ë¥¼ ì§„í™íƒ•ì—ì„œ êº¼ë‚´ì¤€ í•œ ë‚¨ì,1,PT12M4S,1584790,13345,679,"['https://en.wikipedia.org/wiki/Entertainment', 'https://en.wikipedia.org/wiki/Film']",2021-04-26T11:18:23Z
0,ë¶€ìºê°€ ìƒê°ë‚˜ëŠ” ìœ ì¬ì„,24,PT53S,145777,3471,30,"['https://en.wikipedia.org/wiki/Entertainment', 'https://en.wikipedia.org/wiki/Film', 'https://en.wikipedia.org/wiki/Television_program']",2024-09-16T03:00:29Z
1,Basic Differentiation Rules For Derivatives,27,PT20M44S,1358111,27962,599,['https://en.wikipedia.org/wiki/Knowledge'],2018-11-21T00:05:36Z
0,Enzo And Misha Pick the Funniest Chelsea Player!ğŸ˜‚ #chelseaCFC #CFC #bluesintheusa  #Enzo #Mudryk,17,PT2M40S,31997,0,47,"['https://en.wikipedia.org/wiki/Association_football', 'https://en.wikipedia.org/wiki/Sport']",2024-08-05T17:31:41Z
1,[ê°€ì‚¬] á„†á…©á†¨á„†á…¡á„…á…³á†« ë‚´ ì˜í˜¼ - í”¼ì•„ver.,22,PT3M35S,414,9,2,"['https://en.wikipedia.org/wiki/Christian_music', 'https://en.wikipedia.org/wiki/Music']",2024-03-28T09:30:01Z
0,Celebrate the return of Beetlejuice with the new Beetlejuice Beetlejuice trend #BeetlejuiceOnShorts,24,PT14S,3884334,114926,0,['https://en.wikipedia.org/wiki/Entertainment'],2024-08-26T21:11:43Z
1,Python + JavaScript - Full Stack App Tutorial,27,PT1H29M25S,218806,7158,171,"['https://en.wikipedia.org/wiki/Knowledge', 'https://en.wikipedia.org/wiki/Technology']",2024-02-19T15:00:19Z
1,"ĞĞºÑ‚Ğ¸Ğ²Ğ½Ñ‹Ğµ Ğ’Ñ‹Ñ…Ğ¾Ğ´Ğ½Ñ‹Ğµ Ğ² Ğ¡Ğ°Ğ½ Ğ¤Ñ€Ğ°Ğ½Ñ†Ğ¸ÑĞºĞ¾ // Ğ³Ğ¾Ñ€Ñ‹, Ğ¿Ğ¾Ñ…Ğ¾Ğ´ Ğ¸ Ğ´Ñ€ÑƒĞ·ÑŒÑ",22,PT9M42S,17,4,0,"['https://en.wikipedia.org/wiki/Hobby', 'https://en.wikipedia.org/wiki/Lifestyle_(sociology)', 'https://en.wikipedia.org/wiki/Tourism']",2021-01-16T23:32:35Z
1,Should You Still Learn To Code In 2024?,27,PT15M12S,84015,3171,275,[],2024-03-30T13:00:50Z
1,What Is Dynamic Programming and How To Use It,27,PT14M28S,1607494,41555,1620,['https://en.wikipedia.org/wiki/Knowledge'],2017-12-14T01:59:53Z
1,"ê¸ˆíˆ¬ì„¸ ì´ ì˜ìƒ í•˜ë‚˜ë¡œ ë! (ft. ì—°ê¸ˆì €ì¶•, ISA, í•´ì™¸ì§íˆ¬, êµ­ë‚´)",26,PT22M27S,99722,4924,461,[],2024-06-04T11:00:56Z
1,ì˜¤ì‚¬ì¹´ ì—¬í–‰ ì¤‘ êµí† ë¥¼ ë‹¹ì¼ì¹˜ê¸°ë¡œ ê°€ë©´ ì•ˆ ë˜ëŠ” ì´ìœ ,19,PT13M36S,538083,10596,235,"['https://en.wikipedia.org/wiki/Lifestyle_(sociology)', 'https://en.wikipedia.org/wiki/Tourism']",2023-04-24T11:14:11Z
0,Saturdays are for #practice,22,PT12S,426,17,0,"['https://en.wikipedia.org/wiki/Music', 'https://en.wikipedia.org/wiki/Rock_music']",2024-10-05T11:01:04Z
1,í¬ìˆ˜ë¥¼ êµ¬í•˜ëŠ” ì™„ë²½í•œ íƒ€ì´ë° | 240328,17,PT14S,7166698,80905,2290,"['https://en.wikipedia.org/wiki/Baseball', 'https://en.wikipedia.org/wiki/Sport']",2024-03-28T15:41:18Z
1,Learn CSS Position In 9 Minutes,27,PT9M26S,2030874,79398,2206,"['https://en.wikipedia.org/wiki/Knowledge', 'https://en.wikipedia.org/wiki/Technology']",2019-04-30T14:00:15Z
1,ì•„ê¸°ê°€ ë‚´ ì´ë¦„ì„ ë¶€ë¥¸ ë‚  | 706ì¼ì˜ ê¸°ë¡ | ìœ¡ì•„ë¸Œì´ë¡œê·¸ | ë´„ì•„ë²” ì¼ê¸° | #ì•„ë“¤ìœ¡ì•„ #ì•„ë¹  #ì§€í˜„ #ì´ë¦„ìœ¼ë¡œë¶€ë¥¼ë•Œ #ğŸ¥¹,22,PT36S,10424876,252677,2704,[],2024-03-20T02:47:39Z
0,Big Query Live Training - A Deep Dive into Data Pipelining,28,PT1H2M5S,61843,1023,35,"['https://en.wikipedia.org/wiki/Knowledge', 'https://en.wikipedia.org/wiki/Technology']",2020-07-01T13:00:11Z
0,ë¸”ë°• ì£¼ì¸ì€ ì´ ì¼ì„ ë°˜ë“œì‹œ ê¸°ì–µí•  ê²ƒì…ë‹ˆë‹¤..,24,PT22S,15456656,260834,6679,"['https://en.wikipedia.org/wiki/Music_of_Asia', 'https://en.wikipedia.org/wiki/Pop_music']",2023-09-04T01:57:40Z
1,Learn CSS flexbox in 10 minutes! ğŸ’ª,27,PT10M1S,168436,5091,97,"['https://en.wikipedia.org/wiki/Knowledge', 'https://en.wikipedia.org/wiki/Technology']",2023-09-21T16:59:39Z
0,ì´ì œëŠ” ë‚´ê°€ ì´ìƒí•œ ê±´ê°€ ì‹¶ë„¤ìš”...,20,PT1M,1757153,32952,550,"['https://en.wikipedia.org/wiki/Sports_game', 'https://en.wikipedia.org/wiki/Video_game_culture']",2024-02-19T08:17:00Z
1,ìˆœìˆ˜í•œ ì•„ì´ë“¤ì˜ ë†€ë¼ìš´ í•˜ëª¨ë‹ˆ ì‹¤ë ¥,10,PT55S,8286991,255804,8417,"['https://en.wikipedia.org/wiki/Music', 'https://en.wikipedia.org/wiki/Music_of_Asia']",2024-06-28T11:59:35Z
1,í¬ë¦¼íŒŒìŠ¤íƒ€ ë§Œë“¤ì–´ ë¨¹ìŸˆ#shorts,24,PT39S,3150254,70556,364,"['https://en.wikipedia.org/wiki/Food', 'https://en.wikipedia.org/wiki/Lifestyle_(sociology)']",2024-08-22T03:13:18Z
1,02 Creating Firebase account and Firestore database,22,PT3M43S,6237,27,1,"['https://en.wikipedia.org/wiki/Knowledge', 'https://en.wikipedia.org/wiki/Technology']",2021-01-09T10:25:22Z
1,í•œ ì•¼êµ¬ì„ ìˆ˜ê°€ ì‚¬ì¸ì„ ê±°ì ˆí•œ ì´ìœ ,22,PT37S,9970049,186054,3624,"['https://en.wikipedia.org/wiki/Baseball', 'https://en.wikipedia.org/wiki/Sport']",2024-02-01T02:59:45Z
1,[íˆ¬ììŠ¤í„°ë””] ê¸ˆ ìì‚°ë°°ë¶„ ë¦¬ë°¸ëŸ°ì‹± | ê¸ˆë¦¬ì‚¬ì´í´ì— ë”°ë¥¸ ê¸ˆ ì €ê°€ë§¤ìˆ˜ ê³ ê°€ë§¤ë„ ë°©ë²•,27,PT19M47S,6639,357,92,[],2024-05-05T22:30:00Z
0,"Visualizing the chain rule and product rule | Chapter 4, Essence of calculus",27,PT15M56S,1883302,44461,1661,['https://en.wikipedia.org/wiki/Knowledge'],2017-05-01T15:19:28Z
1,í”„ë¡œì„ ìˆ˜ë“¤ì´ ì“°ëŠ” ì‹¤ì „ ìŠˆíŒ… íŒ!![ì¸ìŠ¤í… &ì¸ì‚¬ì´ë“œ ì˜ì°¨ëŠ” ë²•] - Train with Ale 78í™”ã…£ GoAle Football,17,PT4M46S,1267186,9935,247,"['https://en.wikipedia.org/wiki/Association_football', 'https://en.wikipedia.org/wiki/Sport']",2018-08-19T09:29:02Z
1,Farewell,22,PT4M53S,14,1,0,[],2022-04-17T14:22:16Z
1,ëŠ¥ë ¥ì˜ ì£¼ (God Is Able),10,PT4M23S,749735,2026,3,"['https://en.wikipedia.org/wiki/Christian_music', 'https://en.wikipedia.org/wiki/Music']",2015-07-25T12:59:54Z
0,[ì§ìŠ¹ì¹œêµ¬ë“¤] ìš•ìŸì´ ì•µë¬´ìƒˆ,1,PT5M16S,13788801,119264,19416,"['https://en.wikipedia.org/wiki/Entertainment', 'https://en.wikipedia.org/wiki/Film', 'https://en.wikipedia.org/wiki/Humour']",2020-12-12T06:00:18Z
0,Godzilla Vs Kong But Health Bar Is Enabled | Kong Vs Warbat Battle Scene 4K,1,PT1M41S,11197441,61923,702,"['https://en.wikipedia.org/wiki/Action-adventure_game', 'https://en.wikipedia.org/wiki/Action_game', 'https://en.wikipedia.org/wiki/Role-playing_video_game', 'https://en.wikipedia.org/wiki/Video_game_culture']",2021-07-20T01:25:01Z
0,ë¥´ì„¸ë¼í•Œ ê¸°ê°• ì”¨ê²Œì¡ëŠ” ì´íš¨ë¦¬,22,PT25S,4892696,62694,378,"['https://en.wikipedia.org/wiki/Music', 'https://en.wikipedia.org/wiki/Music_of_Asia']",2024-02-24T10:30:14Z
0,How does a blockchain work - Simply Explained,28,PT6M,9867014,150529,3751,[],2017-11-13T20:00:01Z
0,ë§ì™• ë“œë¼êµ°ìì„¸,17,PT33S,2904115,78302,850,[],2024-06-27T04:56:36Z
0,[ë¦¬ë¬´ì§„ì„œë¹„ìŠ¤] 12ë…„ì´ ì§€ë‚˜ë„ íšŒìë˜ëŠ” 'ì³ë°€ë„' ì‚¬ê±´...â­ |  EP.40 ì„ ê³µê°œ ì˜ìƒ #shorts  #ë¦¬ë¬´ì§„ì„œë¹„ìŠ¤ #ì¡´ë°•,10,PT1M,136079,4088,76,"['https://en.wikipedia.org/wiki/Music', 'https://en.wikipedia.org/wiki/Music_of_Asia', 'https://en.wikipedia.org/wiki/Performing_arts', 'https://en.wikipedia.org/wiki/Television_program']",2022-12-02T08:20:14Z
1,3 Mini Python Projects - For Beginners,27,PT53M53S,419935,9339,228,"['https://en.wikipedia.org/wiki/Knowledge', 'https://en.wikipedia.org/wiki/Technology']",2023-07-10T13:00:02Z
1,Welcome to the Show,10,PT3M38S,45150341,149878,808,"['https://en.wikipedia.org/wiki/Music', 'https://en.wikipedia.org/wiki/Music_of_Asia', 'https://en.wikipedia.org/wiki/Pop_music']",2024-03-18T09:00:22Z
0,Being A Data Engineer: Expectations vs Reality,23,PT7M28S,107091,3402,174,"['https://en.wikipedia.org/wiki/Knowledge', 'https://en.wikipedia.org/wiki/Technology']",2021-04-02T13:31:46Z
1,"""ì˜ëª» ë°”ë¥´ë©´ í­ì‚­ ëŠ™ì–´ìš”."" ë…¸í™” ë§‰ëŠ” ì„ í¬ë¦¼ 'ì œëŒ€ë¡œ' ë°”ë¥´ëŠ”ë²• (ì¡°ê´‘í˜„ ì›ì¥ 2ë¶€)",26,PT16M45S,174787,3027,262,['https://en.wikipedia.org/wiki/Health'],2024-03-31T09:00:34Z
0,ë²„í¬ì…”í—¤ì„œì›¨ì´]24.1ë¶„ê¸° ì—°ë¡€ë³´ê³ ì„œ (ìˆ˜ìµë³´ê³ ),28,PT6M47S,632,11,2,[],2024-05-04T21:29:38Z
0,???: ì´ê±´ ì–´ì‹œê°€ ë‹¤í•œê±° ì•„ë‹˜?ğŸ¤” (part1),17,PT43S,1596189,21978,385,"['https://en.wikipedia.org/wiki/Association_football', 'https://en.wikipedia.org/wiki/Sport']",2024-09-08T23:30:04Z
0,[ë§ˆë…€ì‚¬ëƒ¥ 2023] ì¬ì±„ê¸° ë‚˜ì˜¤ë‹¤ ë§ì•˜ì„ ë•Œ ë„ˆë¬´ ì•Œì§€ | #shorts | TVING,24,PT50S,5055022,22734,328,"['https://en.wikipedia.org/wiki/Entertainment', 'https://en.wikipedia.org/wiki/Television_program']",2023-08-11T11:45:00Z
0,"ì•ˆë…•í•˜ì„¸ìš” - 23ë…„ê°„ í•œë²ˆë„ ë¨¸ë¦¬ì¹´ë½ì„ ìë¥´ì§€ ì•Šì€ ì¥ë°œì—„ë§ˆ, 20140818",24,PT15M41S,5251140,24491,0,"['https://en.wikipedia.org/wiki/Entertainment', 'https://en.wikipedia.org/wiki/Television_program']",2014-08-19T06:35:51Z
0,[#ë¬¸ì œì ë‚¨ì] ë¯¸êµ­ ìˆ˜ëŠ¥ SATë¥¼ ë³¸ ë‡Œì„¹ë‚¨ë“¤ì˜ ë°˜ì‘ã…‹ã…‹ã…‹ 1ë“±ì€ ê³¼ì—° ê²½í—˜ì íƒ€ì¼ëŸ¬orê·€ì—¬ìš´ ë°‰ìƒ ì´ì¥ì›?? | #Diggle,24,PT14M22S,630202,4212,731,"['https://en.wikipedia.org/wiki/Entertainment', 'https://en.wikipedia.org/wiki/Television_program']",2020-07-31T09:00:26Z
0,Mukbang Spicy Seafood í•´ì‚°ë¬¼ ë¨¹ë°© DONA ë„ë‚˜,24,PT5M39S,207021929,827176,22294,"['https://en.wikipedia.org/wiki/Food', 'https://en.wikipedia.org/wiki/Lifestyle_(sociology)', 'https://en.wikipedia.org/wiki/Pet']",2020-12-10T02:30:06Z
0,á„‹á…¡á„‚á…¢á„‹á…´ á„’á…§á†¼á„Œá…¦á„Œá…¡á„†á…¢á„€á…¡ á„Œá…µá†¸á„‹á…¦ á„‚á…©á†¯á„…á…¥á„‹á…©á„†á…§á†« á„‡á…¥á†¯á„‹á…¥á„Œá…µá„‚á…³á†« á„‹á…µá†¯,24,PT13M26S,2519552,25020,2084,"['https://en.wikipedia.org/wiki/Food', 'https://en.wikipedia.org/wiki/Lifestyle_(sociology)']",2020-12-07T09:03:37Z
1,Python Pandas Tutorial (Part 4): Filtering - Using Conditionals to Filter Rows and Columns,27,PT23M4S,459259,10831,326,"['https://en.wikipedia.org/wiki/Knowledge', 'https://en.wikipedia.org/wiki/Technology']",2020-01-17T14:00:06Z
0,ì´ëŸ° ë¶„ì´ ì§„ì§œ ì°¸ëœ êµìˆ˜ë‹˜ì´ì§€â€¦,24,PT55S,3975540,172332,1653,['https://en.wikipedia.org/wiki/Politics'],2024-08-14T03:00:36Z
0,í™”ì œì˜ ë„·í”Œë¦­ìŠ¤ ë“œë¼ë§ˆ ì‚¼ì²´ê°€ í˜„ì§€ì—ì„œ 'ì£½ìŒì˜ ì‘í’ˆ'ì´ë¼ê³  ë¶ˆë¦¬ëŠ” ì¶©ê²©ì ì¸ ì´ìœ  [ì‚¬ê±´ì‚¬ê³ ],24,PT7M10S,1912915,13846,1331,"['https://en.wikipedia.org/wiki/Entertainment', 'https://en.wikipedia.org/wiki/Film']",2024-04-04T10:00:56Z
0,[ì•ˆë°©1ì—´ ì§ìº 4K] ì—ìŠ¤íŒŒ 'Black Mamba' í’€ìº  (aespa Full Cam)â”‚@SBS Inkigayo_2020.11.22.,24,PT3M14S,4081996,147793,7439,"['https://en.wikipedia.org/wiki/Music', 'https://en.wikipedia.org/wiki/Music_of_Asia', 'https://en.wikipedia.org/wiki/Performing_arts', 'https://en.wikipedia.org/wiki/Pop_music']",2020-11-22T07:15:04Z
0,ìš°ë¦´ ê²°ì½” ë†“ì§€ ì•Šë„¤ What A Beautiful Name,10,PT5M45S,183819,809,8,"['https://en.wikipedia.org/wiki/Christian_music', 'https://en.wikipedia.org/wiki/Music']",2024-01-18T07:59:08Z
1,The most important skill in statistics,27,PT13M35S,319827,11572,154,['https://en.wikipedia.org/wiki/Knowledge'],2024-01-31T18:00:35Z
1,Firebase Functions Tutorial #2 - Setup,27,PT12M25S,116894,1205,57,"['https://en.wikipedia.org/wiki/Knowledge', 'https://en.wikipedia.org/wiki/Technology']",2020-03-09T09:42:22Z
1,"Palantir Decomposition Interview Process, Interview Questions and Tips",27,PT5M33S,12001,103,3,['https://en.wikipedia.org/wiki/Knowledge'],2023-02-08T15:48:43Z
0,ìì‚°ê´€ë¦¬ ê·¸ëŸ°ê±° ëª¨ë¥¸ë‹¤ê³ ìš” ì € ê·¸ëƒ¥ ë§í•˜ëŠ” ê°ìë¼ê³ ìš”ã… ã…  ê¹€ë¯¸ê²½ íŒ©í­ì— ìˆœì‚´ ë˜ì–´ë²„ë¦° íš¨ì§±? [ì¸ìƒì¹˜íŠ¸í‚¤] ê¹€íš¨ì§„í¸,24,PT7M31S,49508,0,19,"['https://en.wikipedia.org/wiki/Entertainment', 'https://en.wikipedia.org/wiki/Humour']",2020-12-18T06:00:32Z
1,GIA ë¯¸ë„¤ë¥´ë°” ë°”ì¹¼ë¡œë ˆì•„  ì…í•™ì„¤ëª…íšŒ: ì²­ë‹´ ìº í¼ìŠ¤ | 2021 ë…„ 5 ì›” 8 ì¼,27,PT7M24S,1500,0,0,[],2021-05-15T12:17:46Z
0,Biggest Scams In Software Engineering,28,PT4M49S,246616,16468,1159,[],2024-03-28T13:18:08Z
0,[Live]ë¦¬ë²„í’€ vs í† íŠ¸ë„˜ ì†í¥ë¯¼ ì„ ë°œ! ê¹€ì§„ì§œ ì…ì¤‘ê³„(feat. 3í˜¸ë‹˜),17,PT2H19M37S,0,2455,307,"['https://en.wikipedia.org/wiki/Association_football', 'https://en.wikipedia.org/wiki/Sport']",2020-12-16T22:04:52Z
1,SCHD+SPY+QQQ ì¡°í•©ë³„ ìˆœìœ„ (SCHD+SPY ë¶„ì„),26,PT12M24S,72399,1765,263,[],2024-02-29T11:12:12Z
1,Creating Documents using React / Google Docs API / Google OAuth 2.0,28,PT27M15S,21359,323,42,"['https://en.wikipedia.org/wiki/Knowledge', 'https://en.wikipedia.org/wiki/Technology']",2022-01-23T06:24:31Z
0,ë¶€íŠ¸ìº í”„ ê°œê¿€ì¼ ì¡´ë²„,20,PT30S,1168283,19246,225,"['https://en.wikipedia.org/wiki/Action_game', 'https://en.wikipedia.org/wiki/Video_game_culture']",2024-07-26T22:00:26Z
0,ì²œì²œíˆ í•˜ì„¸ìš” | 240723,17,PT17S,1519759,33994,655,"['https://en.wikipedia.org/wiki/Baseball', 'https://en.wikipedia.org/wiki/Sport']",2024-07-24T09:32:40Z
0,ë¯¸êµ­ 3ëŒ€ ë²„ê±° ì•„ë‹™ë‹ˆë‹¤. 1ëŒ€ ë²„ê±°ì…ë‹ˆë‹¤,22,PT58S,616307,15816,483,"['https://en.wikipedia.org/wiki/Food', 'https://en.wikipedia.org/wiki/Lifestyle_(sociology)']",2024-04-30T11:05:00Z
0,"ë°ì´ë¹„ë“œ ì°¨ íšŒê°œë¥¼ ë³¸ ì‹ ì‚¬ë„ êµíšŒ í”¼í•´ìê°€ ë³¸ ë°˜ì‘, ë¶ˆë¥œ, íš¡ë ¹, ì£¼ì‹íˆ¬ì, ìº„ ì„ êµíšŒ, ë¼ì´íŠ¸ í•˜ìš°ìŠ¤, ì°¨í˜•ê·œ, íšŒê°œ, ì…ì¥ë¬¸, ìŠ¤ìº”ë“¤ ê³ ë°±, íšŒê°œ, ì†ìŠ¹ìš° ì†Œì¥",22,PT2M35S,11700,54,31,['https://en.wikipedia.org/wiki/Religion'],2024-05-09T22:00:35Z
1,ì£¼ë‹˜ì€ ì‚° ê°™ì•„ì„œ - ë§ˆì»¤ìŠ¤ì›Œì‹­ | ë©”ì¸ ê±´ë°˜ ì»¤ë²„ A.Piano Cover | ë¦¬ë“œì‹œíŠ¸ í¬í•¨ | Like a mountain is the Lord,10,PT5M15S,7516,71,5,"['https://en.wikipedia.org/wiki/Christian_music', 'https://en.wikipedia.org/wiki/Music']",2022-11-05T09:22:52Z
0,"ìš°ë¦¬ ê²°í˜¼í–ˆì–´ìš” - We Got Married, Tae-min, Na-eun(20) #05, íƒœë¯¼-ì†ë‚˜ì€(20) 20130831",24,PT10M21S,10490405,99319,1608,"['https://en.wikipedia.org/wiki/Entertainment', 'https://en.wikipedia.org/wiki/Humour', 'https://en.wikipedia.org/wiki/Television_program']",2013-10-17T17:47:00Z
0,[#ì£¼ë©ì¶”/ì‹œì¦Œ1] EP.2 ë¶€X ì¹œêµ¬ê°€ ìš°ë¦¬ íšŒì‚¬ ëŒ€í‘œì¸ ê²ƒì— ëŒ€í•˜ì—¬,17,PT12M4S,465418,5649,609,[],2021-04-17T12:41:24Z
0,ìœ¡ìƒ ì—¬ì‹  ê¹€ë¯¼ì§€ ì„ ìˆ˜ì™€ 100m ë‹¬ë¦¬ê¸°!ğŸ”¥ ìœ¡ìƒ ì„ ìˆ˜ í´ë¼ì“° ã„·ã„·,17,PT9M5S,4156393,30694,2561,['https://en.wikipedia.org/wiki/Sport'],2024-04-28T03:00:11Z
0,"ì£¼ì¶¤í•˜ë˜ ë‹¤ìš°ì§€ìˆ˜ê¹Œì§€ ì‹ ê³ ê°€, ì°ê°•ì„¸ì¥ì˜ ì‹ í˜¸ì¼ê¹Œ",27,PT20M28S,77817,2296,90,['https://en.wikipedia.org/wiki/Society'],2024-05-20T11:59:09Z
0,[ì§¤íˆ° ì˜¤ë¦¬ì§€ë„] ì²«ì‚¬ë‘,1,PT5M5S,2582593,35539,3354,"['https://en.wikipedia.org/wiki/Entertainment', 'https://en.wikipedia.org/wiki/Film']",2020-12-26T06:00:09Z
0,í…ŒìŠ¬ë¼ ì—”ë¹„ë””ì•„ ë©”íƒ€ ì•„ë§ˆì¡´ AMD ì¸í…” ì•„ì´ì˜¨í ì½”ì¸ë² ì´ìŠ¤/ë¯¸êµ­ì¦ì‹œ ì‹œí™©,27,PT27M22S,21211,1456,213,[],2024-05-01T11:23:25Z
0,ì²œë§Œ ì›ì´ì•¼ ì²œë§Œ ì›!!,22,PT1M,4871025,153697,1170,"['https://en.wikipedia.org/wiki/Entertainment', 'https://en.wikipedia.org/wiki/Film']",2024-05-28T02:32:06Z
1,How I Built 7 Streams of Income By Age 24,27,PT13M47S,298172,10609,244,['https://en.wikipedia.org/wiki/Business'],2024-02-11T19:00:18Z
1,5 Amazing Ways to Automate Your Life using Python,28,PT18M40S,255346,5363,70,['https://en.wikipedia.org/wiki/Technology'],2023-03-19T13:20:14Z
1,"(Ko) ê³µë¶€í•˜ëŠ” í˜, ëª°ì… | í™©ë†ë¬¸ ì„œìš¸ëŒ€í•™êµ ì¬ë£Œê³µí•™ë¶€ êµìˆ˜ | ê³µë¶€ í•™ìŠµ ì‹œí—˜ ê°•ì—° | ì„¸ë°”ì‹œ 319íšŒ",27,PT19M7S,1648135,35964,512,['https://en.wikipedia.org/wiki/Knowledge'],2020-02-28T09:00:13Z
0,ì˜¤ëŠ˜ì˜ë©”ë‰´11 | ì¥ë™ë¯¼ì˜ ì¹˜ëª…ì  ì‹¤ìˆ˜ë¥¼ ì™„ë²½í•˜ê²Œ ì°Œë¥¸ ì´ì¤€ì„ | ë”ì§€ë‹ˆì–´ìŠ¤4 EP3-11,24,PT6M38S,606788,1604,681,"['https://en.wikipedia.org/wiki/Entertainment', 'https://en.wikipedia.org/wiki/Television_program']",2020-01-20T09:00:01Z
0,Game Theory 101: Introduction to the Infinitely Repeated Prisoner's Dilemma,27,PT3M26S,33911,105,15,['https://en.wikipedia.org/wiki/Knowledge'],2010-11-13T18:17:54Z
1,ë‹¹ì‹ ì˜ ì²´ë ¥ì„ ë¹„ì•½ì ìœ¼ë¡œ ìƒìŠ¹ì‹œí‚¤ëŠ” 3ê°€ì§€ ë°©ë²•,26,PT3M11S,2439943,56835,846,"['https://en.wikipedia.org/wiki/Health', 'https://en.wikipedia.org/wiki/Lifestyle_(sociology)', 'https://en.wikipedia.org/wiki/Physical_fitness']",2023-06-18T09:44:43Z
1,How To Build A Machine Learning Portfolio in 2024,28,PT11M18S,55923,2973,104,['https://en.wikipedia.org/wiki/Knowledge'],2023-12-10T11:00:28Z
0,K-íŒ¨ìŠ¤ 200% í™œìš©ë°©ë²• / ì¹´ë“œ ì¶”ì²œ / ë˜‘ë˜‘í•˜ê²Œ ì‚¬ìš©í•˜ëŠ” ë°©ë²•,26,PT14M25S,140025,2091,276,[],2024-04-26T08:26:56Z
0,I Lemming ammalati | Grizzy e i Lemming | Boomerang,24,PT2M59S,162842881,518728,0,"['https://en.wikipedia.org/wiki/Entertainment', 'https://en.wikipedia.org/wiki/Film', 'https://en.wikipedia.org/wiki/Television_program']",2019-04-22T11:30:00Z
0,[UEFA ìœ ë¡œ 2024] ì¤€ê²°ìŠ¹ ìŠ¤í˜ì¸ vs í”„ë‘ìŠ¤,17,PT15M33S,3267240,28033,3740,"['https://en.wikipedia.org/wiki/Association_football', 'https://en.wikipedia.org/wiki/Sport']",2024-07-09T22:11:58Z
1,ë‚˜ë§Œ ì•Œê³  ì‹¶ì—ˆë˜ íˆ¬ìê¸°ë²•ì¸ë°... ê·¸ëƒ¥ ë³´ì§€ë§ˆì„¸ìš”.,26,PT13M45S,321148,0,375,[],2021-03-07T18:04:20Z
0,ê°™ì´ ì˜ì–´ ê³µë¶€í•˜ëŠ” ê¸°ì„±ìš© í•œí˜œì§„ ë¶€ë¶€,22,PT53S,717083,8996,666,['https://en.wikipedia.org/wiki/Television_program'],2024-06-27T10:00:37Z
1,How Thiago Mottaâ€™s Tactic is Shaking up Serie A!,20,PT11M2S,1203738,14155,433,"['https://en.wikipedia.org/wiki/Association_football', 'https://en.wikipedia.org/wiki/Sport']",2024-04-26T14:30:59Z
0,ì•„ë¬´ë„ ì˜ˆìƒí•˜ì§€ ëª» í•œ ê¶Œì€ë¹„ì˜ ë‹®ì€ê¼´,23,PT37S,3481284,43259,334,['https://en.wikipedia.org/wiki/Entertainment'],2023-09-14T03:23:37Z
1,[ë£¨ì‹œ/ì‹ ì˜ˆì°¬] ê¸‰í•˜ê²Œ í˜„ ê°ˆê³  ì†”ë¡œ ë“¤ì–´ê°€ëŠ” ì§±ë°”ì´ì˜¬ë¦¬ë‹ˆìŠ¤íŠ¸ | 230819 21ì„¸ê¸°ì˜ ì–´ë–¤ ë‚  #LUCY,22,PT1M,2576740,109491,604,"['https://en.wikipedia.org/wiki/Music', 'https://en.wikipedia.org/wiki/Music_of_Asia', 'https://en.wikipedia.org/wiki/Pop_music']",2023-08-21T12:50:22Z
0,ğŸ”¥+5í…œí¬+7í‚¤ì—…=íƒ‘í˜„ì‚¬ëƒ¥ğŸ”¥ê·¸ ì‹œì ˆ ìš°ë¦¬ëŠ” ëª¨ë‘ íƒ‘í˜„ì´ì—ˆë‹¤(ì‚¬ë‘í•œë‹¤ê³  ë§í•´ì¤˜),10,PT3M28S,1074258,9053,460,"['https://en.wikipedia.org/wiki/Music', 'https://en.wikipedia.org/wiki/Music_of_Asia']",2022-08-07T11:00:22Z
1,"40ë¶„ë§Œì— ëë‚´ëŠ” ì„œë²„ ì´ë¡ +ì‹¤ìŠµ. AWS, Nginx, Node.js, Mysql",22,PT40M45S,51706,2343,63,"['https://en.wikipedia.org/wiki/Knowledge', 'https://en.wikipedia.org/wiki/Technology']",2021-08-16T08:31:37Z
0,ì™€...ë¶€ìŠ¤ì¼€ì¸  íƒˆì••ë°• ëª¨ìŒã„·ã„·,17,PT57S,727159,8622,633,"['https://en.wikipedia.org/wiki/Association_football', 'https://en.wikipedia.org/wiki/Sport']",2024-03-08T08:04:13Z
1,"ì¯”ì–‘ë‹˜ì„ ì°©ì·¨í–ˆë˜ ì „ ëŒ€í‘œ, ì´ì œëŠ” ì§„ì‹¤ì„ ë§í•˜ê² ìŠµë‹ˆë‹¤.",24,PT10M41S,4617238,94843,9885,['https://en.wikipedia.org/wiki/Society'],2024-07-11T12:19:11Z
1,ë°ì´í„°ê³¼í•™ìì˜ ì¢Œì ˆí¸! ë°ì´í„°ê³¼í•™ìëŠ” ëŒ€ë¶€ë¶„ì˜ ì‹œê°„ì„ OOO ìœ¼ë¡œ ë³´ë‚¸ë‹¤? ë°ì´í„°ê³¼í•™ìì˜ ì¼ìƒ 2ë¶€! (í•œêµ­ê³¼í•™ê¸°ìˆ ì •ë³´ì—°êµ¬ì› ê¹€ì˜ì§„ ë°•ì‚¬),28,PT20M6S,35649,684,58,['https://en.wikipedia.org/wiki/Knowledge'],2024-06-10T11:00:15Z
0,í˜„ì•„ (HyunA) - 'I'm Not Cool' MV,10,PT2M58S,58640561,2303882,73249,"['https://en.wikipedia.org/wiki/Electronic_music', 'https://en.wikipedia.org/wiki/Music', 'https://en.wikipedia.org/wiki/Music_of_Asia', 'https://en.wikipedia.org/wiki/Pop_music']",2021-01-28T09:00:10Z
1,98ë…„ìƒ ì„í•˜ì˜ â€œë‚œìƒì²˜ìŒ ê°„ í•™êµê°€ ë¯¸ë„¤ë¥´ë°”ìŠ¤ì¿¨â€,25,PT21M24S,3936,51,2,[],2021-10-05T09:39:32Z
1,Web Scraping 101: A Million Dollar Project Idea,27,PT13M7S,564447,17684,356,['https://en.wikipedia.org/wiki/Technology'],2023-07-04T14:00:14Z
1,"Meet the Palantirians: CEO Alex Karp in Conversation with Ben Bernstein, Forward-Deployed Engineer",28,PT3M14S,15119,0,0,"['https://en.wikipedia.org/wiki/Business', 'https://en.wikipedia.org/wiki/Knowledge']",2023-01-10T17:44:34Z
1,ì½”ë”©ì´ˆë³´ë“¤ì´ í—·ê°ˆë¦¬ëŠ” ìš©ì–´ : APIê°€ ë­ëƒë©´,28,PT7M40S,266240,6640,147,"['https://en.wikipedia.org/wiki/Knowledge', 'https://en.wikipedia.org/wiki/Technology']",2021-08-13T06:29:06Z
1,Machine Learning L0 C2 - Basic Intuition: What actually is a Machine Learning Model?,22,PT20M51S,198,8,0,['https://en.wikipedia.org/wiki/Knowledge'],2022-08-29T13:01:53Z
1,Jordan Peterson : How to Stop being the Nice Guy,22,PT12M4S,3537671,76888,1557,['https://en.wikipedia.org/wiki/Religion'],2022-11-06T14:51:53Z
1,5 Crypto Altcoins I'm Investing In 2024,27,PT49M19S,794819,27125,1707,['https://en.wikipedia.org/wiki/Society'],2024-04-07T00:52:35Z
0,Brighton v. Tottenham | PREMIER LEAGUE HIGHLIGHTS | 1/31/2021 | NBC Sports,17,PT10M48S,239542,2301,421,"['https://en.wikipedia.org/wiki/Association_football', 'https://en.wikipedia.org/wiki/Sport', 'https://en.wikipedia.org/wiki/Television_program']",2021-01-31T22:14:35Z
0,í¬ê²Œ ë¨¹ì„ ìˆ˜ ìˆëŠ” ìë¦¬ë¥¼ ì°¾ì•„ë³´ì(ì—˜ë¦¬ì—‡ íŒŒë™1),27,PT59S,40328,1038,18,[],2023-05-09T03:00:06Z
0,"ì´ë”ë¦¬ì›€ ì ì •ê°€ëŠ” 1,500ë§Œì›! í­ë°œì  ìƒìŠ¹ì€ 'ì´ë•Œ' ì‹œì‘ëœë‹¤ (á„á…©á„‰á…®á„ƒá…¡ 2á„‡á…®)",27,PT17M18S,12407,406,21,[],2024-06-23T03:25:53Z
1,ê°œë°œ ìœ íŠœë²„ë“¤ì´ ê°•ì˜ë¥¼ íŒ” ìˆ˜ ë°–ì— ì—†ëŠ” ì´ìœ ,27,PT8M14S,68197,1705,247,[],2024-05-18T12:02:07Z
1,ìœ™ì–´ê°€ ì œì¼ ì˜ í•´ì•¼í•˜ëŠ” ì—­í• ,17,PT54S,92680,846,36,"['https://en.wikipedia.org/wiki/Association_football', 'https://en.wikipedia.org/wiki/Sport']",2024-06-30T06:06:41Z
0,0 3 Software Requirements,27,PT2M43S,57582,17,0,[],2021-05-17T14:52:54Z
0,1258. ì§€ê¸ˆ ë¹„íŠ¸ì½”ì¸ íˆ¬ì ì•ˆ í•˜ì‹œë©´ ì •ë§ í›„íšŒí•˜ì‹¤ ê²ë‹ˆë‹¤.,27,PT12M22S,45962,1571,164,['https://en.wikipedia.org/wiki/Society'],2024-06-07T03:15:02Z
0,ë²¤ì œë§ˆê°€ ë™ë£Œì·¨ê¸‰ ì•ˆí•´ì¤¬ë˜ ì„ ìˆ˜.,22,PT59S,2880860,40256,942,"['https://en.wikipedia.org/wiki/Association_football', 'https://en.wikipedia.org/wiki/Sport']",2024-06-06T02:00:09Z
1,Coding Is Changing...Here Is What You NEED To Know,27,PT8M12S,257419,10075,630,['https://en.wikipedia.org/wiki/Technology'],2024-01-27T14:52:29Z
1,Learn Socket.io In 30 Minutes,27,PT27M27S,505499,11950,340,"['https://en.wikipedia.org/wiki/Knowledge', 'https://en.wikipedia.org/wiki/Technology']",2021-05-29T16:00:27Z
0,í‰ìƒì„ ëª¨ë¥´ê³  ì‚´ì•„ì™”ë˜ ê²ƒ..,27,PT59S,858951,10833,274,['https://en.wikipedia.org/wiki/Knowledge'],2024-04-17T09:00:38Z
1,ë¡œì´í‚´ (Roy Kim) - ì‚´ì•„ê°€ëŠ” ê±°ì•¼ (Linger On) MV,10,PT3M52S,1857304,38913,4306,"['https://en.wikipedia.org/wiki/Music', 'https://en.wikipedia.org/wiki/Music_of_Asia', 'https://en.wikipedia.org/wiki/Pop_music']",2020-05-27T09:00:13Z
0,"[í”¼íŒŒëª¨ë°”ì¼] ì‹ ê·œ TOTY í´ë˜ìŠ¤ TOP 10 ìŠ¤íƒ¯ ë¶„ì„í•´ë³´ì•˜ìŠµë‹ˆë‹¤! ë¬´ê³¼ê¸ˆ, ì†Œê³¼ê¸ˆ í•„ìˆ˜ ì‹œì²­!",20,PT8M2S,28297,246,114,"['https://en.wikipedia.org/wiki/Sports_game', 'https://en.wikipedia.org/wiki/Video_game_culture']",2021-01-22T00:56:44Z
0,#ë¹„íŠ¸ì½”ì¸ ì´ì œ ì‹œì‘ì…ë‹ˆë‹¤. ë‹¤ìŒì€ OOK ê°‘ë‹ˆë‹¤.,27,PT20M31S,2258,110,34,[],2024-03-12T07:00:07Z
0,"[â˜†í˜„ì¥] ê³ ì˜ìš±, 'ì „ìë°œì°Œ' ì°¨ê³  ë§Œê¸° ì¶œì†Œ ""ì£„ì†¡í•©ë‹ˆë‹¤""",22,PT35S,5059758,9792,4221,[],2015-07-10T05:02:28Z
1,ì¼ë°˜ì¸ì´ 'ì¬ëŠ¥ì¶©' ì†Œë¦¬ ë“£ëŠ” ë²•,22,PT7M19S,242724,18419,447,[],2024-08-01T09:36:51Z
0,ì¹´ë”ê°€ë“  - ë‚˜ë¬´ (ë¡¹.ver),22,PT59S,1265567,38226,365,"['https://en.wikipedia.org/wiki/Music', 'https://en.wikipedia.org/wiki/Music_of_Asia', 'https://en.wikipedia.org/wiki/Pop_music', 'https://en.wikipedia.org/wiki/Rock_music']",2024-09-11T10:00:30Z
0,Donâ€™t Be An ML/AI Engineer If Youâ€™re Like This...,27,PT9M57S,271297,15179,520,['https://en.wikipedia.org/wiki/Knowledge'],2023-12-17T14:00:18Z
1,How to Use LeetCode Effectively,27,PT4M31S,380432,15876,137,"['https://en.wikipedia.org/wiki/Knowledge', 'https://en.wikipedia.org/wiki/Technology']",2023-01-22T03:00:11Z
0,ì½”ì¹˜ ì‹œìŠ¤í…œ ì´ ì˜ìƒ í•˜ë‚˜ë¡œ ëë‚´ë“œë¦½ë‹ˆë‹¤. /í”¼íŒŒ4,20,PT8M35S,273214,2250,336,"['https://en.wikipedia.org/wiki/Sports_game', 'https://en.wikipedia.org/wiki/Video_game_culture']",2020-12-19T01:00:13Z
0,í˜„ì¬ Kë¦¬ê·¸ ìµœì—°ì†Œ ê¸°ë¡ ê°ˆì•„ ì¹˜ìš°ëŠ” ì¤‘ì¸ ìŠˆí¼ ë£¨í‚¤ / [ì¼€ì˜í•¨],17,PT5M39S,151983,1373,389,"['https://en.wikipedia.org/wiki/Association_football', 'https://en.wikipedia.org/wiki/Sport']",2024-06-17T02:00:04Z
0,"[ë‚ ì•„ë¼ ìŠ›ëŒì´] ì¶œì—° ì•„ì´ë“¤ì˜ ê³¼ê±°ì™€ í˜„ì¬, ê·¼í™© | ì•„ì¬TV",24,PT3M1S,423698,1504,305,['https://en.wikipedia.org/wiki/Entertainment'],2021-01-26T09:00:08Z
1,ì›”ê¸‰ë‚ ë§ˆë‹¤ ì´ê±¸ ì‚¬ ëª¨ìœ¼ì„¸ìš” ë§¤ë‹¬ ì›”ê¸‰ì´ ìë™ìœ¼ë¡œ ë“¤ì–´ì˜µë‹ˆë‹¤[ìˆ˜í˜TV ì†¡ë¯¼ì„­ ì‘ê°€],27,PT33M41S,626731,7015,229,['https://en.wikipedia.org/wiki/Society'],2023-12-26T08:30:07Z
1,"HTML íƒœê·¸ë“¤, í—·ê°ˆë¦¬ëŠ”ê±° ì •ë¦¬í•´ ë³´ì•˜ë‹¤ ğŸ¥³ (ì‹œë§¨í‹± íƒœê·¸, ì¤‘ìš”í•œ íƒœê·¸ë“¤ ëª¨ìŒ)",27,PT13M51S,108070,4684,378,['https://en.wikipedia.org/wiki/Knowledge'],2021-08-10T10:27:12Z
0,150ë§Œ ì¡°íšŒìˆ˜ ì°ì—ˆë˜ ê³ ë ¤ëŒ€ 5ìˆ˜ìƒì˜ ëŒ€í•™ë°œí‘œ 2íƒ„ ì§ˆì˜ì‘ë‹µ í¸!  30ë¶„ ë„˜ê²Œ ë°œí‘œí•˜ê³ ë„ ì§ˆë¬¸ ë“¤ì–´ì˜¤ëŠ” ê±° ë‹¤ ì³ëƒ„ã„·ã„·;,24,PT9M30S,1123902,9210,700,['https://en.wikipedia.org/wiki/Knowledge'],2019-07-07T18:31:43Z
0,ì†ì—ì„œ ê³„ì† ì¹´ë“œê°€ ë‚˜ì˜¤ëŠ” ë§ˆìˆ  1ë¶„ë§Œì— ë°°ì›Œë³´ê¸° #shorts #magic,24,PT58S,3037234,36764,705,"['https://en.wikipedia.org/wiki/Entertainment', 'https://en.wikipedia.org/wiki/Performing_arts']",2024-05-08T17:10:26Z
1,í† ë‹ˆ í¬ë¡œìŠ¤ ë†êµ¬ ê³¨ëŒ€ ê³¨ ë„£ê¸° ã„·ã„·ã„·... ì´ í˜•ì´ ì—¬ê¸° ì™œ ë‚˜ì™€,17,PT11M2S,1124644,14560,3384,"['https://en.wikipedia.org/wiki/Basketball', 'https://en.wikipedia.org/wiki/Sport']",2023-10-24T09:00:00Z
1,í•œ ë‹¬ ë§Œì— 10ë§Œì› â†’ 6000ë§Œì› ë§Œë“  ë§¤ë§¤ë²• ë¶„ì„,26,PT7M8S,889618,21221,564,[],2023-03-08T11:00:11Z
1,"ë©´ì ‘ ë‹¨ê³¨ ì§ˆë¬¸! API, REST APIê°€ ë­”ê°€ìš”? (ê°œë°œ í•„ìˆ˜ì§€ì‹)",28,PT3M46S,17864,397,20,['https://en.wikipedia.org/wiki/Technology'],2022-05-06T03:37:47Z
0,CHELSEA SACK POCHETTINO... RANKING NEW CHELSEA MANAGERS!,17,PT19M57S,62624,2386,577,"['https://en.wikipedia.org/wiki/Association_football', 'https://en.wikipedia.org/wiki/Sport']",2024-05-22T15:00:19Z
1,Lv.4 10ë¶„ ë§Œì— ì§‘ì—ì„œ ê°€ìŠ´ ì‘ì‚´ë‚´ëŠ” ë£¨í‹´ (ëˆ„êµ¬ë‚˜ ì‰½ê²Œ ê°€ëŠ¥) [10mins Intense Chest Workout],17,PT10M29S,3063485,38551,1562,"['https://en.wikipedia.org/wiki/Health', 'https://en.wikipedia.org/wiki/Lifestyle_(sociology)', 'https://en.wikipedia.org/wiki/Physical_fitness']",2020-03-12T14:02:41Z
0,"FaurÃ©: Dolly Suite, Op. 56: II. Mi-a-ou",10,PT2M12S,11218,94,0,"['https://en.wikipedia.org/wiki/Classical_music', 'https://en.wikipedia.org/wiki/Music']",2018-12-15T13:43:51Z
1,5kg ì²´ì¤‘ ìˆœì‚­ !!! ì–‘ë°°ì¶”ê³„ë€ì „ ë§Œë“¤ê¸° !!,26,PT1M,899326,14629,153,"['https://en.wikipedia.org/wiki/Food', 'https://en.wikipedia.org/wiki/Lifestyle_(sociology)']",2023-03-01T03:07:05Z
0,#2023å¹´å…¨å›½è·‘é…·é”¦æ ‡èµ›  ç«é€Ÿå† å†›ğŸ†,22,PT33S,84853236,2071630,2589,['https://en.wikipedia.org/wiki/Sport'],2024-07-27T17:40:21Z
0,Best settings for Necromancer -  Diep.io,24,PT10M59S,970894,10276,563,"['https://en.wikipedia.org/wiki/Action_game', 'https://en.wikipedia.org/wiki/Casual_game', 'https://en.wikipedia.org/wiki/Video_game_culture']",2016-09-22T07:00:00Z
0,ë¶€ì‚° ê´‘ì•ˆë¦¬ ë¶ˆê½ƒì¶•ì œ ë°°ë‹¬ê¸°ì‚¬ì˜ ê³ ì¶©,24,PT53S,9091616,304068,4054,[],2023-11-07T04:20:24Z
0,Taemin & Naeun [TaEun] || i'm happy for you,22,PT5M37S,75392,1675,131,['https://en.wikipedia.org/wiki/Entertainment'],2021-01-24T22:05:37Z
1,Why I focus on patterns instead of technologies,22,PT7M55S,230975,12409,367,"['https://en.wikipedia.org/wiki/Knowledge', 'https://en.wikipedia.org/wiki/Technology']",2024-02-19T15:00:12Z
0,ì „ ì„¸ê³„ì—ì„œ ê°€ì¥ ìŠ›ì„ ëª»ì°¨ëŠ” ê³µê²©ìˆ˜ 1ìœ„,22,PT48S,957955,22270,312,"['https://en.wikipedia.org/wiki/Association_football', 'https://en.wikipedia.org/wiki/Sport']",2024-09-05T09:26:00Z
1,[ê¸°ë…êµ ë³´ìˆ˜ì£¼ì˜ ìŠ¤í„°ë””] ìš°ë¦¬ë“¤ì—ê²Œ ììœ ë€? ì‹ ì•™ì´ë€? #ë…ì„œë©˜í† ë§ #ë ˆì´ê±´ì¼ë ˆë¸,22,PT52M48S,7092,552,34,"['https://en.wikipedia.org/wiki/Religion', 'https://en.wikipedia.org/wiki/Society']",2024-04-03T17:27:16Z
1,We are MBaccers: The Beginning,27,PT3M9S,533,31,2,[],2023-06-05T10:46:24Z
1,ì•„ ì´ê±´ í˜¼ìë§Œ ì•Œê³  ì‹¶ì—ˆëŠ”ë°â€¦(ì•„ìë¥´ ë“œë¦¬ë¸” ê³µì‹),17,PT1M,219149,3956,31,"['https://en.wikipedia.org/wiki/Association_football', 'https://en.wikipedia.org/wiki/Sport']",2024-02-05T09:10:51Z
1,ì—¬ë¦„ì— ë”± í•˜ë‚˜ë§Œ ì…ì–´ì•¼ í•œë‹¤ë©´? ì—¬ë¦„ ê¸°ë³¸í…œ ì¶”ì²œ,22,PT7M21S,277434,7418,181,"['https://en.wikipedia.org/wiki/Fashion', 'https://en.wikipedia.org/wiki/Lifestyle_(sociology)']",2023-05-21T05:00:22Z
1,HAPPY,10,PT3M10S,26544897,111299,531,"['https://en.wikipedia.org/wiki/Music', 'https://en.wikipedia.org/wiki/Pop_music', 'https://en.wikipedia.org/wiki/Rock_music']",2024-03-18T09:00:37Z
0,"ì°¨ì€ìš°, â€˜ì „ì„¤â€™ ì„œì¥í›ˆìœ¼ë¡œë¶€í„° ë°°ìš°ëŠ” ê°€ë¿í•œ ë ˆì´ì—… ìŠ› | ì§„ì§œ ë†êµ¬, í•¸ì„¬ íƒ€ì´ê±°ì¦ˆ | SBS Enter.",24,PT3M6S,1837593,7415,1526,"['https://en.wikipedia.org/wiki/Basketball', 'https://en.wikipedia.org/wiki/Sport', 'https://en.wikipedia.org/wiki/Television_program']",2020-01-17T14:51:36Z
1,ì¡°ê°ë‚œ ì§‘ì¤‘ë ¥ì„ êµ¬ì¶œí•  ëœ»ë°–ì˜ ë°©ë²• l ë‹ˆë¥´ì´ì–„ (í–‰ë™ ì„¤ê³„ ì „ë¬¸ê°€),27,PT10M54S,138870,6293,196,[],2024-06-16T05:30:11Z
0,"ë°±ìƒì˜ˆìˆ ëŒ€ìƒ í›„ë³´, ì¹¨ì°©ë§¨ ê¸°ì•ˆ84",23,PT46S,3728749,86377,1821,[],2024-05-07T13:05:21Z
1,ì˜ì™¸ë¡œ ëª¨ë¥´ëŠ” ê³„ë€ í™©ê¸ˆë ˆì‹œí”¼,26,PT31S,4536763,114354,583,"['https://en.wikipedia.org/wiki/Food', 'https://en.wikipedia.org/wiki/Lifestyle_(sociology)']",2024-06-13T08:06:58Z
1,ë§¥ë¶ì—ì–´m2 êµ¬ë§¤ë¥¼ ì¶”ì²œí•˜ëŠ” ì´ìœ  #apple #ë§¥ë¶ì—ì–´,28,PT1M,56562,457,15,['https://en.wikipedia.org/wiki/Technology'],2023-05-07T12:49:49Z
1,APIê°€ ë­”ê°€ìš”? ê°€ì¥ ì‰½ê²Œ ì´í•´ì‹œì¼œë“œë¦¼,28,PT9M8S,11009,287,31,['https://en.wikipedia.org/wiki/Technology'],2024-05-01T00:39:59Z
0,ë§¤ì¼ í¡ì—° vs ë§¤ì¼ ìŒì£¼,17,PT26M47S,473774,4855,748,['https://en.wikipedia.org/wiki/Health'],2024-04-11T09:00:09Z
0,ì „ ì—¬ì¹œ ì–´ë• ì–´?,23,PT35S,6140630,66351,2763,"['https://en.wikipedia.org/wiki/Entertainment', 'https://en.wikipedia.org/wiki/Humour']",2023-07-27T12:39:19Z
0,Wellâ€¦ (ìˆì–ì•„ (ROCK VER.)),10,PT3M12S,12439549,32316,67,"['https://en.wikipedia.org/wiki/Music', 'https://en.wikipedia.org/wiki/Music_of_Asia', 'https://en.wikipedia.org/wiki/Pop_music']",2014-07-27T03:13:01Z
0,ì „ì—¬ì¹œ ì´ ì«Œ ì´ìƒí–ˆë‹¤ | ìŠ¤íƒ ë“œì—… ì½”ë¯¸ë””,24,PT9M12S,69581,468,29,"['https://en.wikipedia.org/wiki/Entertainment', 'https://en.wikipedia.org/wiki/Film', 'https://en.wikipedia.org/wiki/Humour']",2022-08-15T06:37:12Z
0,"""ì—„ë§ˆê°€ ê³¼íƒ ì ìˆ˜ ê¹”ì•„ì¤„ê²Œ"" ìˆ˜ëŠ¥ ë³¸ë‹¤ëŠ” í•™ë¶€ëª¨â€¦""ê·¹ì„±ì´ë‹¤"" vs ""ëª¨ì„±ì´ë‹¤""ï½œì§€ê¸ˆ ì´ ë‰´ìŠ¤",25,PT2M6S,315974,2082,1593,['https://en.wikipedia.org/wiki/Society'],2024-08-28T07:59:27Z
0,ë°©ì‹¬ì€ ê¸ˆë¬¼,22,PT55S,4004826,80437,797,[],2024-04-01T10:30:15Z
0,Is the Digital SAT Actually Harder?,27,PT6M52S,1254,16,5,[],2023-11-20T20:00:08Z
1,200 IQ Free Kicks,17,PT8M47S,5259126,74175,1221,"['https://en.wikipedia.org/wiki/Association_football', 'https://en.wikipedia.org/wiki/Sport']",2020-11-25T13:17:28Z
1,ë¶í•œì˜ ìœ í–‰ì–´ & ìš•! ë“£ê¸°ë§Œ í•´ë„ í›„ëœëœ~ 'ì‚´ë²Œ' ë¹„ì •ìƒíšŒë‹´ 79íšŒ,22,PT2M9S,242938,1084,65,"['https://en.wikipedia.org/wiki/Entertainment', 'https://en.wikipedia.org/wiki/Television_program']",2016-01-04T14:36:12Z
0,"ë‚´ê°€ ëŠ˜ ì˜ì§€í•˜ëŠ” ì˜ˆìˆ˜ (ì°¬ì†¡ê°€ 86ì¥) Oh, The Best Friend to Have Is Jesus (86)",10,PT5M6S,438453,860,0,"['https://en.wikipedia.org/wiki/Christian_music', 'https://en.wikipedia.org/wiki/Music']",2023-07-07T06:03:18Z
0,êµê³¼ì„œì— ë‚˜ì˜¤ëŠ” ì´ ê·¸ë¦¼ ì‹¤ì œë¡œ í•´ë³´ë©´ ë ê¹Œ?,22,PT7M32S,7864779,92231,14556,['https://en.wikipedia.org/wiki/Lifestyle_(sociology)'],2019-11-27T14:24:19Z
0,ë¼ì´ë¸Œì— ì•½í•œê±¸ê¹Œ ì°½ë²•ì´ ì–´ë ¤ìš´ê±¸ê¹Œ #maroon5 #payphone,10,PT22S,8496411,193693,2316,"['https://en.wikipedia.org/wiki/Music', 'https://en.wikipedia.org/wiki/Pop_music']",2024-03-13T07:23:21Z
0,ëˆ„êµ¬ë„ ë‚  ë°©í•´ ëª» í•´...ğŸ» ê·€ì¡± ë¹™ì˜ë˜ëŠ” í´ë˜ì‹ ìŒì•…ğŸ¹ [motemoteâ”‚ëª¨íŠ¸ëª¨íŠ¸â”‚ğ’ğ“ğ”ğƒğ˜ ğŒğğğƒâ”‚ê³µë¶€í•  ë•Œ ë“£ëŠ” ìŒì•…â”‚1ì‹œê°„],27,PT1H1M27S,2804025,34092,855,"['https://en.wikipedia.org/wiki/Classical_music', 'https://en.wikipedia.org/wiki/Music']",2021-01-19T11:00:03Z
0,AnÃ¡lise de Samu Omorodion â€¢QuÃ£o bom Ã© ele Samu e por que o Porto o contratou? Atacante do C FC Porto,17,PT18M18S,25301,276,95,"['https://en.wikipedia.org/wiki/Association_football', 'https://en.wikipedia.org/wiki/Sport']",2024-08-06T22:54:22Z
0,ì£¼ ì´ë¦„ ì•ˆì—,10,PT4M5S,166311,842,8,"['https://en.wikipedia.org/wiki/Christian_music', 'https://en.wikipedia.org/wiki/Music', 'https://en.wikipedia.org/wiki/Pop_music']",2018-01-27T09:13:09Z
0,I would not play ğŸ˜‚,10,PT31S,56692697,1598014,17635,['https://en.wikipedia.org/wiki/Sport'],2024-03-04T19:03:49Z
1,[ëª°ì¹´](ft.í”¼ì‹ëŒ€í•™)íƒˆë¶ë¯¼í•œí…Œ ë‚¨í•œë§ë¥¼ ê°€ë¥´ì¹œë‹¤ê³ !? íŒê³¼ íŒŒë§ˆì˜ ì°¨ì´? ì‰í”„ì™€ ì£¼ë°©ì¥? ì´ë²ˆì—” ì–´ë¨¸ë‹ˆì™€ ì•„ë“¤ ì›ƒê¸°ê¸°!!! ã…‹ã…‹ã…‹ã…‹ã…‹ã…‹ã…‹ã…‹ã…‹ã…‹,23,PT8M2S,346061,4681,223,[],2020-08-30T05:00:10Z
1,2024ë…„ ì·¨ì—… ì‹œì¥ê³¼ ë°±ì—”ë“œ ê°œë°œìê°€ ë˜ê¸° ìœ„í•œ ì·¨ì—… ê°€ì´ë“œ (ft. ì´ì¤€í˜• ì €ìë‹˜),27,PT52M52S,32458,1173,102,['https://en.wikipedia.org/wiki/Knowledge'],2024-03-01T12:15:02Z
1,"ë‡Œê³¼í•™ì ìœ¼ë¡œ ê²Œìœ¼ë¦„, ë¬´ê¸°ë ¥ ëŠì–´ë‚´ëŠ” ë°©ë²•",22,PT20M44S,424297,22443,609,[],2024-05-22T22:00:07Z
0,"í’€ì—…,í„±ê±¸ì´ ì´ë ‡ê²Œ í•˜ë©´ ì•ˆë¼ìš”. (ì–´ê¹¨ì¶©ëŒì¦í›„êµ°)",23,PT33S,1500660,2376,528,"['https://en.wikipedia.org/wiki/Health', 'https://en.wikipedia.org/wiki/Lifestyle_(sociology)', 'https://en.wikipedia.org/wiki/Physical_fitness']",2019-02-19T14:11:03Z
1,Jesus Culture- Your Love Never Fails,10,PT5M13S,16275743,55764,3632,"['https://en.wikipedia.org/wiki/Christian_music', 'https://en.wikipedia.org/wiki/Music']",2010-04-14T22:27:50Z
0,í™”ë‚œ ì†í¥ë¯¼..ë„ëŒ€ì²´ ëª‡ ë²ˆì§¸ì•¼!! #shorts #short #shortvideo #ì‡¼ì¸  #í•œêµ­ #soccer #football #ì¶•êµ¬ #ì†í¥ë¯¼ #í† íŠ¸ë„˜ #epl #korea,17,PT42S,1185843,0,982,"['https://en.wikipedia.org/wiki/Association_football', 'https://en.wikipedia.org/wiki/Sport']",2024-09-22T04:11:54Z
0,ê²½êµ­ì§€ìƒ‰,22,PT1M,4017023,21340,1623,[],2023-12-02T12:11:12Z
1,ì½”ë”©í…ŒìŠ¤íŠ¸ë¥¼ ì¤€ë¹„í•˜ëŠ” ê°€ì¥ íš¨ìœ¨ì ì¸ ë°©ë²•,27,PT16M41S,91412,3420,56,['https://en.wikipedia.org/wiki/Knowledge'],2022-09-03T06:25:10Z
1,í•œì‹œê°„ë§Œì— Node.js ë°±ì—”ë“œ ê¸°ì´ˆ ëë‚´ê¸° (ft. API êµ¬ì¶•),27,PT1H36S,242555,5047,115,"['https://en.wikipedia.org/wiki/Knowledge', 'https://en.wikipedia.org/wiki/Technology']",2022-11-18T09:00:17Z
1,ë§ŒëŠ¥ ë°˜ì°¬ ì†Œê³ ê¸°ì†Œë³´ë£¨ ë ˆì‹œí”¼ ğŸ®,22,PT28S,60549,1022,16,['https://en.wikipedia.org/wiki/Food'],2023-10-19T09:45:54Z
0,150cmê°€ 2Mí•œí…Œ ê¹Œë¶ˆë©´ ë²Œì–´ì§€ëŠ” ì¼. @HeyChambo,27,PT15S,36430470,1020795,1770,[],2024-06-28T06:58:52Z
1,í©ì˜ ë°”ë¥´ì…€ë¡œë‚˜ëŠ” ë¬´ì—‡ì´ íŠ¹ë³„í–ˆì„ê¹Œ?,20,PT10M28S,80223,1158,227,"['https://en.wikipedia.org/wiki/Association_football', 'https://en.wikipedia.org/wiki/Sport']",2024-07-31T11:30:02Z
1,"I made $131,520,140 in May | Solopreneur Diary",28,PT15M31S,60178,2595,220,['https://en.wikipedia.org/wiki/Lifestyle_(sociology)'],2024-06-04T14:15:03Z
1,"ë” ì§€ë‹ˆì–´ìŠ¤ 2:ë£° ë¸Œë ˆì´ì»¤ Ep.8 : ì ˆëŒ€ê¶Œë ¥ì, ì´ìƒë¯¼!",24,PT2M42S,114958,184,33,"['https://en.wikipedia.org/wiki/Entertainment', 'https://en.wikipedia.org/wiki/Humour', 'https://en.wikipedia.org/wiki/Television_program']",2014-01-26T03:24:04Z
1,Serverless Computing in 100 Seconds,28,PT16M46S,288610,10428,286,['https://en.wikipedia.org/wiki/Technology'],2021-03-17T17:46:04Z
0,â€ì¹´ì™€ì´ì†Œâ€œ,23,PT1M,774249,14366,335,[],2024-09-30T09:00:34Z
0,100% Scholarships for International Students at Harvard University | Road to Success Ep. 03,27,PT10M53S,868674,31114,886,['https://en.wikipedia.org/wiki/Knowledge'],2022-08-01T03:30:09Z
1,â€˜ê·¼ìœ¡ëŸ‰â€˜ ë‹¨ê¸°ê°„ì— ëŠ˜ë¦¬ëŠ” ë²Œí¬ì—… ë°©ë²• (ë»”í•œ ì†Œë¦¬ X),22,PT11M10S,374054,13114,322,"['https://en.wikipedia.org/wiki/Health', 'https://en.wikipedia.org/wiki/Lifestyle_(sociology)', 'https://en.wikipedia.org/wiki/Physical_fitness']",2024-02-10T15:16:14Z
0,í—ˆê° - ì‚¬ë‘ì€ ëŠ˜ ë„ë§ê°€ [ë¶ˆí›„ì˜ ëª…ê³¡2 ì „ì„¤ì„ ë…¸ë˜í•˜ë‹¤/Immortal Songs 2] | KBS 220716 ë°©ì†¡,10,PT5M24S,11058285,51142,4134,"['https://en.wikipedia.org/wiki/Music', 'https://en.wikipedia.org/wiki/Music_of_Asia', 'https://en.wikipedia.org/wiki/Pop_music', 'https://en.wikipedia.org/wiki/Television_program']",2022-07-16T11:58:33Z
1,"ë¯¸êµ­ì£¼ì‹ ì‚¬ì´í´ ì „í™˜, ì´ê²ƒë§Œ ì•Œì•„ë„ ì„±ê³µí•©ë‹ˆë‹¤!",26,PT21M47S,67110,3592,213,[],2024-07-30T11:00:10Z
0,"[ë‰´ìŠ¤ 'ê¾¹'] ""í•˜ëŠ˜ì— ë§¹ì„¸ì½”"" ""ì•„ë“¤ë“¤ ê±¸ê³ "" ì¯”ì–‘ í˜‘ë°• ì˜í˜¹ì— 'í„ì©' (2024.07.11/MBCë‰´ìŠ¤)",25,PT2M19S,325346,3171,1517,"['https://en.wikipedia.org/wiki/Politics', 'https://en.wikipedia.org/wiki/Society']",2024-07-11T08:21:52Z
0,Afraid,10,PT3M33S,8166632,73074,957,"['https://en.wikipedia.org/wiki/Independent_music', 'https://en.wikipedia.org/wiki/Music', 'https://en.wikipedia.org/wiki/Music_of_Asia', 'https://en.wikipedia.org/wiki/Pop_music', 'https://en.wikipedia.org/wiki/Rock_music']",2020-05-12T15:51:19Z
0,ì–´ê¹¨ìš´ë™ íŒ” ì™œ í”ë“¤ë ¤?(ì—‰ë©ì´ ë­”ìƒê´€?),17,PT57S,241897,6660,117,"['https://en.wikipedia.org/wiki/Health', 'https://en.wikipedia.org/wiki/Lifestyle_(sociology)', 'https://en.wikipedia.org/wiki/Physical_fitness']",2024-04-20T07:00:17Z
1,ì „ìë ˆì¸ì§€ ì—ê·¸ì¸í—¬ ìƒ¥ìŠˆì¹´ 10ë¶„ ë§Œë“¤ê¸° #ë ˆì‹œí”¼ #ì•„ì¹¨ëŒ€ìš©,22,PT1M,67377,1699,10,"['https://en.wikipedia.org/wiki/Food', 'https://en.wikipedia.org/wiki/Lifestyle_(sociology)']",2024-05-14T08:14:19Z
0,"September 26, 2024",22,PT58S,508,8,0,"['https://en.wikipedia.org/wiki/American_football', 'https://en.wikipedia.org/wiki/Sport']",2024-09-27T03:25:06Z
1,Computer Vision for Football Analysis in Python with Yolov8 & OpenCV,27,PT23M51S,70271,2774,59,"['https://en.wikipedia.org/wiki/Association_football', 'https://en.wikipedia.org/wiki/Knowledge']",2023-12-11T10:00:41Z
0,"ì „ì„¸ê³„ í¥í–‰ ì„±ê³µí•œ ì´ˆëŒ€ë°• ì• ë‹ˆë©”ì´ì…˜ ì‹œë¦¬ì¦ˆ ""1ìœ„"" ë¯¸êµ­ ì „ì„¤ê¸‰ ì• ë‹ˆ ..ã…ã„·ã„·",1,PT18M8S,1749773,8924,653,"['https://en.wikipedia.org/wiki/Entertainment', 'https://en.wikipedia.org/wiki/Film']",2021-06-04T05:00:01Z
1,â€œì´ë˜ë„ íš¨ê³¼ ì—†ìœ¼ë©´ ë”°ì§€ëŸ¬ ì˜¤ì„¸ìš”â€ í™©ë†ë¬¸ êµìˆ˜ê°€ ì¶”ì²œí•˜ëŠ” 'í˜„ì‹¤ì ì¸' ëª°ì… í›ˆë ¨ë²• | ë¹…í€˜ìŠ¤ì²œ ì¸í„°ë·° #ëª°ì… #ìŠ¬ë¡œì‹±í‚¹ #ë‡Œê³¼í•™,27,PT13M36S,501503,14090,210,['https://en.wikipedia.org/wiki/Knowledge'],2023-06-15T08:00:33Z
0,"[CBS ë‰´ìŠ¤] ë‹¨ì›”ë“œ, ì‚¬ì´ë¹„ì¢…êµ ì•„ë‹ˆë¼ë”ë‹ˆâ€¦""ì´ìŠ¹í—Œì„ ì˜í˜¼ì˜ ì•„ë²„ì§€ë¡œ ìˆ­ë°°""",25,PT5M25S,854126,26502,3866,['https://en.wikipedia.org/wiki/Society'],2024-05-09T12:20:29Z
0,"ì œ ê²½ê¸° í™œë™ëŸ‰ì„ K1,2,3ë¦¬ê·¸ ì„ ìˆ˜ë“¤ê³¼ ë¹„êµí•´ë´¤ìŠµë‹ˆë‹¤ã„·ã„·(ë™ê³  ìµœì¢…í‰ê°€)",17,PT14M19S,50049,807,114,"['https://en.wikipedia.org/wiki/Association_football', 'https://en.wikipedia.org/wiki/Sport']",2020-08-20T08:30:01Z
1,Database Engineering Complete Course | DBMS Complete Course,28,PT21H46M9S,689822,22692,270,['https://en.wikipedia.org/wiki/Knowledge'],2023-04-15T22:20:24Z
0,ë¸Œë¼ì§ˆ ìˆ˜ë¹„ ìˆœì‚­ì‹œí‚¤ëŠ” ì´ìŠ¹ìš° ëŒíŒŒã„·ã„·,17,PT3M38S,465581,1541,816,"['https://en.wikipedia.org/wiki/Association_football', 'https://en.wikipedia.org/wiki/Sport']",2020-11-14T18:55:10Z
0,ë°˜ í˜ë¥´ì‹œ ì´ˆì‚¬ì´ì–¸ ëª¨ë“œ ê³¨,22,PT48S,6644613,18531,2896,"['https://en.wikipedia.org/wiki/Association_football', 'https://en.wikipedia.org/wiki/Sport']",2017-02-02T10:57:14Z
0,[ì‚¬ìƒê²€ì¦êµ¬ì—­: ë” ì»¤ë®¤ë‹ˆí‹°] 10íšŒ ìš”ì•½ï½œ1ëŒ€ ë¶ˆìˆœë¶„ìì˜ ë§ˆì§€ë§‰ ë©”ì‹œì§€ëŠ”?ï½œì›¨ì´ë¸Œ ì˜¤ë¦¬ì§€ë„,24,PT18M12S,161224,1172,598,"['https://en.wikipedia.org/wiki/Entertainment', 'https://en.wikipedia.org/wiki/Television_program']",2024-02-27T01:00:14Z
0,How to Set Up Live Server and Browser Auto Refresh In Visual Studio Code,27,PT3M55S,367829,7259,592,"['https://en.wikipedia.org/wiki/Knowledge', 'https://en.wikipedia.org/wiki/Technology']",2020-04-05T12:45:02Z
1,[2024] Firebase React Native EXPO Authentication Setup (File Based Routing),22,PT23M11S,3233,54,21,"['https://en.wikipedia.org/wiki/Knowledge', 'https://en.wikipedia.org/wiki/Technology']",2024-06-23T20:53:27Z
0,ë°°ìš´ ì–´ë¥´ì‹ ë“¤ì˜ ì¶•êµ¬ ã„·ã„·;;,17,PT48S,14507879,106358,4602,"['https://en.wikipedia.org/wiki/Association_football', 'https://en.wikipedia.org/wiki/Sport']",2022-12-10T09:00:32Z
1,ì™¼ì†ìœ¼ë¡œë§Œ ì•„ë¥´í˜ì§€ì˜¤ í•œë‹¤ëŠ” ê³ ì •ê´€ë…ì€ ë²„ë ¤ì£¼ì„¸ìš”,10,PT7M23S,25595,918,77,"['https://en.wikipedia.org/wiki/Jazz', 'https://en.wikipedia.org/wiki/Music']",2024-07-23T10:15:02Z
1,5 IMPRESSIVE Python Resume Projects (You Can Finish in A Weekend),28,PT12M20S,266753,9001,74,['https://en.wikipedia.org/wiki/Technology'],2023-11-12T13:00:25Z
1,One Thing Remains - Jesus Culture (lyric video),10,PT5M4S,43990591,162355,6761,"['https://en.wikipedia.org/wiki/Christian_music', 'https://en.wikipedia.org/wiki/Music']",2011-03-13T00:13:15Z
0,ê¸°ë¶„íƒ“ì´ê² ì§€ #ê°ì„±ì—¬ìš¸ #í•´ì™¸ì—¬í–‰ #ì¼ë³¸,24,PT1M,2664097,54101,1169,[],2024-05-17T15:00:50Z
1,The Princess Scientist Year 4: Part of That World,23,PT3M34S,783,16,3,['https://en.wikipedia.org/wiki/Music'],2013-09-15T01:20:12Z
1,"í…ŒìŠ¬ë¼ ì§€ê¸ˆ ë§¤ìˆ˜í•´ì•¼...(TQQQ,SOXL,TMF, ìˆ˜í˜TV)",27,PT17M50S,28918,2193,614,[],2024-02-09T06:43:34Z
1,ì´ê±¸ ì–´ë–»ê²Œ ì°¸ì•„.. #ì´í’‹ë³¼2024 #efootball2024 #í™€ë€ë“œ,20,PT16M25S,5236,52,22,"['https://en.wikipedia.org/wiki/Sports_game', 'https://en.wikipedia.org/wiki/Video_game_culture']",2024-07-22T20:37:33Z
1,ë°±ì¢…ì›í‘œ ê°„ë‹¨í•˜ê³  ë§›ìˆëŠ”ì½© ì—†ì´ ì½©êµ­ìˆ˜ ë§Œë“¤ê¸° #ë°±ì¢…ì›ë ˆì‹œí”¼#ë°±ì¢…ì›ì½©êµ­ìˆ˜#ì§‘ë°¥#ì§‘ë°¥ë ˆì‹œí”¼,22,PT18S,11597066,242603,4351,['https://en.wikipedia.org/wiki/Food'],2024-07-08T02:44:07Z
0,ì¹¨ì°©ë§¨ì˜ ê³µê° ëŠ¥ë ¥,24,PT1M,1190818,29877,621,[],2024-05-14T08:00:14Z
0,Success in a distracted world: DEEP WORK by Cal Newport,1,PT7M30S,715160,20023,370,[],2016-07-09T01:04:44Z
0,ë‰´ë¹„ì™€ ê³ ì¸ë¬¼ì˜ ì°¨ì´ ã„·ã„·,22,PT6S,28183126,235651,1553,[],2023-07-02T09:00:36Z
1,Linked List Cycle - Floyd's Tortoise and Hare - Leetcode 141 - Python,28,PT10M44S,215636,5331,208,['https://en.wikipedia.org/wiki/Knowledge'],2021-06-18T19:45:00Z
0,[ìˆì¸ ] ìŠ¤ìœ™ìŠ¤ê°€ ë§í•˜ëŠ” ë ˆì „ë“œ ë‹®ì€ê¼´ ã…‹ã…‹ã…‹ [ë” ì‹œì¦Œì¦ˆ-ì´íš¨ë¦¬ì˜ ë ˆë“œì¹´í«] | KBS ë°©ì†¡,24,PT23S,3586635,57152,957,['https://en.wikipedia.org/wiki/Entertainment'],2024-03-11T07:45:50Z
1,ë°±ì—”ë“œ ê°œë°œ ì´ ì˜ìƒë§Œ ë³´ì…”ë„ ê±°ì˜,27,PT11M59S,77157,2917,48,"['https://en.wikipedia.org/wiki/Knowledge', 'https://en.wikipedia.org/wiki/Technology']",2023-10-15T08:14:31Z
0,HOW TO GET INTO THE HARVARD GRADUATE SCHOOL OF EDUCATION IN 2024? | Get Accepted into HGSE!,27,PT12M17S,3970,166,35,['https://en.wikipedia.org/wiki/Knowledge'],2023-10-16T07:00:15Z
1,(ENG)á„†á…¥á„‚á…µá„€á…¦á„‹á…µá†· ê³µê°œí•˜ê² ìŠµë‹ˆë‹¤,22,PT3M3S,3360688,45719,7914,[],2021-04-22T10:00:16Z
0,"ì €ê¸° ì‹ ì…ìƒ.. ì´ë¦„ì´ ë­ì˜ˆìš”? ""ë‰´ì§„ìŠ¤ì˜ í•˜ì…ë³´ì´ìš”""",24,PT59S,337553,3265,23,"['https://en.wikipedia.org/wiki/Entertainment', 'https://en.wikipedia.org/wiki/Performing_arts']",2023-10-04T09:00:38Z
0,ë‚˜ë¥¼ í–¥í•œ ì£¼ì˜ ì‚¬ë‘ I Could Sing Of Your Love Forever,10,PT5M34S,19875,85,0,"['https://en.wikipedia.org/wiki/Christian_music', 'https://en.wikipedia.org/wiki/Music']",2020-07-21T05:37:28Z
0,[í•œê¸€ìë§‰] ì•„ì´ë¸Œ ì¥ì›ì˜ì—ê²Œ ì˜ˆì˜ë‹¤,23,PT40M20S,7550456,144411,26180,['https://en.wikipedia.org/wiki/Entertainment'],2024-05-05T09:00:07Z
0,#ì„œìš¸ìˆ² ì—ì„œ ë§Œë‚œ ì¹œêµ¬ë¶„ë“¤ ì‚¬ì§„ì°ì–´ë“œë¦¬ê¸°ğŸ˜ #ìŠ¤íŠ¸ë¦¿í¬í†  #streetphotography #streetportraits #ìŠ¤ëƒ…ì‚¬ì§„,22,PT47S,4620236,94221,2564,"['https://en.wikipedia.org/wiki/Hobby', 'https://en.wikipedia.org/wiki/Lifestyle_(sociology)']",2024-07-20T11:20:35Z
0,ã„ã®ã¡ã®åå‰ ã€Œåƒã¨åƒå°‹ã®ç¥éš ã—ã€ã‚ˆã‚Š,10,PT5M51S,2378668,14330,28,"['https://en.wikipedia.org/wiki/Music', 'https://en.wikipedia.org/wiki/Music_of_Asia']",2021-09-16T11:02:57Z
1,The ONE Project I Would Put on my Resume,28,PT18M31S,10536,442,7,['https://en.wikipedia.org/wiki/Technology'],2024-03-27T13:00:43Z
1,Python 101:  Learn These MUST KNOW List Features,27,PT22M15S,91349,3009,114,['https://en.wikipedia.org/wiki/Knowledge'],2023-11-02T15:00:51Z
1,I built a startup in 31 hours (SaaS),28,PT9M50S,363898,18222,331,[],2024-03-12T13:15:00Z
0,è·†æ‹³é“ä½“èƒ½è®­ç»ƒ,22,PT54S,27935,131,1,"['https://en.wikipedia.org/wiki/Lifestyle_(sociology)', 'https://en.wikipedia.org/wiki/Physical_fitness']",2019-08-24T15:52:16Z
1,Algorithmic Patterns: Intro,27,PT3M8S,40531,809,27,['https://en.wikipedia.org/wiki/Knowledge'],2021-08-03T17:49:40Z
0,ìš”ì¦˜ ê°•íŒ€ë“¤ì´ í™œìš©í•˜ëŠ” ì „ìˆ ,17,PT7M47S,85333,1685,141,"['https://en.wikipedia.org/wiki/Association_football', 'https://en.wikipedia.org/wiki/Sport']",2024-03-08T08:00:04Z
1,ê²°êµ­ì—” ì›í•˜ëŠ” ê²ƒì„ ì–»ëŠ” ë°©ë²• (ft.ë ˆë””ë²•),24,PT2M45S,462041,13518,320,[],2023-12-06T15:02:04Z
0,[#ì˜¬ì±™ì´ì‹œì ˆ] ì¤‘ë”© ë•Œë¶€í„° ì ˆì¹œì¸ ì œì‹œXí‹°íŒŒë‹ˆâ¤ï¸ ë§Œë‚˜ìë§ˆì 2ê°œêµ­ì–´ ìŸì•„ë‚´ëŠ” ë©‹ìˆê³  ê·€ì—¬ìš´ ë‘˜ ã…‹ã…‹ã…‹ ëŒ€í™”ê°€ ëˆ„ê°€ë´ë„ ì°ì¹œì„...| #ì œì‹œ #Diggle,24,PT5M10S,3535394,24081,1088,"['https://en.wikipedia.org/wiki/Entertainment', 'https://en.wikipedia.org/wiki/Television_program']",2020-09-20T12:00:08Z
0,How to Create a Personal / Portfolio Website | 2020 Step-By-Step Guide!,26,PT1H45M8S,188848,4562,310,[],2020-03-10T19:31:16Z
1,[íˆ¬ìì´ì•¼ê¸°] 2024ë…„ ë¹„íŠ¸ì½”ì¸ ìì‚°ë°°ë¶„ | ë¹„íŠ¸ì½”ì¸ í˜„ë¬¼ ETF ì¶œì‹œ ì´í›„ ë°˜ê°ê¸° ì‚¬ì´í´ ë³€í™” & ë¦¬ë°¸ëŸ°ì‹± ì „ëµ,27,PT26M24S,7433,347,38,[],2024-02-10T05:57:53Z
0,Exalt The King (Live),10,PT9M48S,186520,570,0,"['https://en.wikipedia.org/wiki/Christian_music', 'https://en.wikipedia.org/wiki/Music']",2020-04-18T19:07:32Z
1,The Role of a Forward Deployed Software Engineer,28,PT3M38S,67235,0,0,"['https://en.wikipedia.org/wiki/Business', 'https://en.wikipedia.org/wiki/Knowledge', 'https://en.wikipedia.org/wiki/Technology']",2015-08-24T18:43:02Z
1,Nerf War | Water Park & SPA Battle (Nerf First Person Shooter),17,PT18M27S,94152792,537967,4518,['https://en.wikipedia.org/wiki/Video_game_culture'],2021-04-11T01:00:18Z
1,1ë…„ê°„ ê²©ì£¼ë¡œ ë‹¤ë…€ì˜¤ê³  ë‹¨ê³¨ëœ â€˜ì˜¤ì‚¬ì¹´ ë§›ì§‘ 8ê³³â€™,19,PT9M25S,409330,11845,164,"['https://en.wikipedia.org/wiki/Food', 'https://en.wikipedia.org/wiki/Lifestyle_(sociology)', 'https://en.wikipedia.org/wiki/Tourism']",2023-11-12T08:00:24Z
1,Are You Leaving Room For Wonder? | Taylor Hughes,22,PT59S,35905238,2217351,8316,['https://en.wikipedia.org/wiki/Entertainment'],2024-03-26T02:19:15Z
0,ì™”ë‹¤â€¦ ë–¡ë³¶ì´ ë„¤ê³  [ë„¤ê³ ì™•2] Ep.9,23,PT21M4S,4150153,76180,10544,"['https://en.wikipedia.org/wiki/Entertainment', 'https://en.wikipedia.org/wiki/Humour', 'https://en.wikipedia.org/wiki/Television_program']",2021-04-16T09:30:18Z
0,ëª½ê³¨ ì‚¬ëŒì´ë‘ í•œêµ­ì‚¬ëŒì´ ë‹®ìœ¼ë©´ ìƒê¸°ëŠ” ì¼,22,PT29S,4930815,86929,1159,[],2024-03-17T05:51:56Z
1,"Build an AI/ML Football Analysis system with YOLO, OpenCV, and Python",27,PT4H28M36S,534948,22924,721,"['https://en.wikipedia.org/wiki/Knowledge', 'https://en.wikipedia.org/wiki/Technology']",2024-04-19T02:13:00Z
